mcccode,Тип торговой точки,mccgrp,Название торговой точки (латиница),Название торговой точки (кириллица),Адрес,№ кассы,Страна,Город,Дата внесения в базу,Примечание
0001,,Retail Purchase,,,,,,,10/8/2012,
0002,,Retail Purchase,,,,,,,10/8/2012,
0003,,Retail Purchase,,,,,,,10/8/2012,
0004,,Retail Purchase,,,,,,,10/8/2012,
0005,,Retail Purchase,,,,,,,10/8/2012,
0006,,Retail Purchase,,,,,,,10/8/2012,
0007,,Retail Purchase,,,,,,,10/8/2012,
0008,,Retail Purchase,,,,,,,10/8/2012,
0009,,Retail Purchase,,,,,,,10/8/2012,
0010,,Retail Purchase,,,,,,,10/8/2012,
0011,,Retail Purchase,,,,,,,10/8/2012,
0012,,Retail Purchase,,,,,,,10/8/2012,
0013,,Retail Purchase,,,,,,,10/8/2012,
0014,,Retail Purchase,,,,,,,10/8/2012,
0015,,Retail Purchase,,,,,,,10/8/2012,
0016,,Retail Purchase,,,,,,,10/8/2012,
0017,,Retail Purchase,,,,,,,10/8/2012,
0018,,Retail Purchase,,,,,,,10/8/2012,
0019,,Retail Purchase,,,,,,,10/8/2012,
0020,,Retail Purchase,,,,,,,10/8/2012,
0021,,Retail Purchase,,,,,,,10/8/2012,
0022,,Retail Purchase,,,,,,,10/8/2012,
0023,,Retail Purchase,,,,,,,10/8/2012,
0024,,Retail Purchase,,,,,,,10/8/2012,
0025,,Retail Purchase,,,,,,,10/8/2012,
0026,,Retail Purchase,,,,,,,10/8/2012,
0027,,Retail Purchase,,,,,,,10/8/2012,
0028,,Retail Purchase,,,,,,,10/8/2012,
0029,,Retail Purchase,,,,,,,10/8/2012,
0030,,Retail Purchase,,,,,,,10/8/2012,
0031,,Retail Purchase,,,,,,,10/8/2012,
0032,,Retail Purchase,,,,,,,10/8/2012,
0033,,Retail Purchase,,,,,,,10/8/2012,
0034,,Retail Purchase,,,,,,,10/8/2012,
0035,,Retail Purchase,,,,,,,10/8/2012,
0036,,Retail Purchase,,,,,,,10/8/2012,
0037,,Retail Purchase,,,,,,,10/8/2012,
0038,,Retail Purchase,,,,,,,10/8/2012,
0039,,Retail Purchase,,,,,,,10/8/2012,
0040,,Retail Purchase,,,,,,,10/8/2012,
0041,,Retail Purchase,,,,,,,10/8/2012,
0042,,Retail Purchase,,,,,,,10/8/2012,
0043,,Retail Purchase,,,,,,,10/8/2012,
0044,,Retail Purchase,,,,,,,10/8/2012,
0045,,Retail Purchase,,,,,,,10/8/2012,
0046,,Retail Purchase,,,,,,,10/8/2012,
0047,,Retail Purchase,,,,,,,10/8/2012,
0048,,Retail Purchase,,,,,,,10/8/2012,
0049,,Retail Purchase,,,,,,,10/8/2012,
0050,,Retail Purchase,,,,,,,10/8/2012,
0051,,Retail Purchase,,,,,,,10/8/2012,
0052,,Retail Purchase,,,,,,,10/8/2012,
0053,,Retail Purchase,,,,,,,10/8/2012,
0054,,Retail Purchase,,,,,,,10/8/2012,
0055,,Retail Purchase,,,,,,,10/8/2012,
0056,,Retail Purchase,,,,,,,10/8/2012,
0057,,Retail Purchase,,,,,,,10/8/2012,
0058,,Retail Purchase,,,,,,,10/8/2012,
0059,,Retail Purchase,,,,,,,10/8/2012,
0060,,Retail Purchase,,,,,,,10/8/2012,
0061,,Retail Purchase,,,,,,,10/8/2012,
0062,,Retail Purchase,,,,,,,10/8/2012,
0063,,Retail Purchase,,,,,,,10/8/2012,
0064,,Retail Purchase,,,,,,,10/8/2012,
0065,,Retail Purchase,,,,,,,10/8/2012,
0066,,Retail Purchase,,,,,,,10/8/2012,
0067,,Retail Purchase,,,,,,,10/8/2012,
0068,,Retail Purchase,,,,,,,10/8/2012,
0069,,Retail Purchase,,,,,,,10/8/2012,
0070,,Retail Purchase,,,,,,,10/8/2012,
0071,,Retail Purchase,,,,,,,10/8/2012,
0072,,Retail Purchase,,,,,,,10/8/2012,
0073,,Retail Purchase,,,,,,,10/8/2012,
0074,,Retail Purchase,,,,,,,10/8/2012,
0075,,Retail Purchase,,,,,,,10/8/2012,
0076,,Retail Purchase,,,,,,,10/8/2012,
0077,,Retail Purchase,,,,,,,10/8/2012,
0078,,Retail Purchase,,,,,,,10/8/2012,
0079,,Retail Purchase,,,,,,,10/8/2012,
0098, Mobile Banking,Retail Purchase,,,,,,,10/8/2012,
0742, Veterinary Services,Retail Purchase,,,,,,,10/8/2012,
0743,,Retail Purchase,,,,,,,10/8/2012,
0744,,Retail Purchase,,,,,,,10/8/2012,
0763, Agricultural Cooperatives,Retail Purchase,B CAVES GRENELLE SAUMUR ,,,,FRA,CEDEX,10/8/2012,
0780, Landscape And Horticultural,Retail Purchase,,,,,,,10/8/2012,
1344,,Retail Purchase,,,,,,,10/8/2012,
1345,,Retail Purchase,,,,,,,10/8/2012,
1346,,Retail Purchase,,,,,,,10/8/2012,
1347,,Retail Purchase,,,,,,,10/8/2012,
1348,,Retail Purchase,,,,,,,10/8/2012,
1349,,Retail Purchase,,,,,,,10/8/2012,
1350,,Retail Purchase,,,,,,,10/8/2012,
1351,,Retail Purchase,,,,,,,10/8/2012,
1352,,Retail Purchase,,,,,,,10/8/2012,
1353,,Retail Purchase,,,,,,,10/8/2012,
1354,,Retail Purchase,,,,,,,10/8/2012,
1355,,Retail Purchase,,,,,,,10/8/2012,
1356,,Retail Purchase,,,,,,,10/8/2012,
1357,,Retail Purchase,,,,,,,10/8/2012,
1358,,Retail Purchase,,,,,,,10/8/2012,
1359,,Retail Purchase,,,,,,,10/8/2012,
1360,,Retail Purchase,,,,,,,10/8/2012,
1361,,Retail Purchase,,,,,,,10/8/2012,
1362,,Retail Purchase,,,,,,,10/8/2012,
1363,,Retail Purchase,,,,,,,10/8/2012,
1364,,Retail Purchase,,,,,,,10/8/2012,
1365,,Retail Purchase,,,,,,,10/8/2012,
1366,,Retail Purchase,,,,,,,10/8/2012,
1367,,Retail Purchase,,,,,,,10/8/2012,
1368,,Retail Purchase,,,,,,,10/8/2012,
1369,,Retail Purchase,,,,,,,10/8/2012,
1370,,Retail Purchase,,,,,,,10/8/2012,
1371,,Retail Purchase,,,,,,,10/8/2012,
1372,,Retail Purchase,,,,,,,10/8/2012,
1373,,Retail Purchase,,,,,,,10/8/2012,
1374,,Retail Purchase,,,,,,,10/8/2012,
1375,,Retail Purchase,,,,,,,10/8/2012,
1376,,Retail Purchase,,,,,,,10/8/2012,
1378,,Retail Purchase,,,,,,,10/8/2012,
1379,,Retail Purchase,,,,,,,10/8/2012,
1380,,Retail Purchase,,,,,,,10/8/2012,
1381,,Retail Purchase,,,,,,,10/8/2012,
1382,,Retail Purchase,,,,,,,10/8/2012,
1383,,Retail Purchase,,,,,,,10/8/2012,
1384,,Retail Purchase,,,,,,,10/8/2012,
1385,,Retail Purchase,,,,,,,10/8/2012,
1386,,Retail Purchase,,,,,,,10/8/2012,
1387,,Retail Purchase,,,,,,,10/8/2012,
1388,,Retail Purchase,,,,,,,10/8/2012,
1389,,Retail Purchase,,,,,,,10/8/2012,
1390,,Retail Purchase,,,,,,,10/8/2012,
1391,,Retail Purchase,,,,,,,10/8/2012,
1392,,Retail Purchase,,,,,,,10/8/2012,
1393,,Retail Purchase,,,,,,,10/8/2012,
1394,,Retail Purchase,,,,,,,10/8/2012,
1395,,Retail Purchase,,,,,,,10/8/2012,
1396,,Retail Purchase,,,,,,,10/8/2012,
1397,,Retail Purchase,,,,,,,10/8/2012,
1398,,Retail Purchase,,,,,,,10/8/2012,
1399,,Retail Purchase,,,,,,,10/8/2012,
1400,,Retail Purchase,,,,,,,10/8/2012,
1401,,Retail Purchase,,,,,,,10/8/2012,
1402,,Retail Purchase,,,,,,,10/8/2012,
1403,,Retail Purchase,,,,,,,10/8/2012,
1404,,Retail Purchase,,,,,,,10/8/2012,
1405,,Retail Purchase,,,,,,,10/8/2012,
1406,,Retail Purchase,,,,,,,10/8/2012,
1407,,Retail Purchase,,,,,,,10/8/2012,
1408,,Retail Purchase,,,,,,,10/8/2012,
1409,,Retail Purchase,,,,,,,10/8/2012,
1410,,Retail Purchase,,,,,,,10/8/2012,
1411,,Retail Purchase,,,,,,,10/8/2012,
1412,,Retail Purchase,,,,,,,10/8/2012,
1413,,Retail Purchase,,,,,,,10/8/2012,
1414,,Retail Purchase,,,,,,,10/8/2012,
1415,,Retail Purchase,,,,,,,10/8/2012,
1416,,Retail Purchase,,,,,,,10/8/2012,
1417,,Retail Purchase,,,,,,,10/8/2012,
1418,,Retail Purchase,,,,,,,10/8/2012,
1419,,Retail Purchase,,,,,,,10/8/2012,
1420,,Retail Purchase,,,,,,,10/8/2012,
1421,,Retail Purchase,,,,,,,10/8/2012,
1422,,Retail Purchase,,,,,,,10/8/2012,
1423,,Retail Purchase,,,,,,,10/8/2012,
1424,,Retail Purchase,,,,,,,10/8/2012,
1425,,Retail Purchase,,,,,,,10/8/2012,
1426,,Retail Purchase,,,,,,,10/8/2012,
1427,,Retail Purchase,,,,,,,10/8/2012,
1428,,Retail Purchase,,,,,,,10/8/2012,
1429,,Retail Purchase,,,,,,,10/8/2012,
1430,,Retail Purchase,,,,,,,10/8/2012,
1431,,Retail Purchase,,,,,,,10/8/2012,
1432,,Retail Purchase,,,,,,,10/8/2012,
1433,,Retail Purchase,,,,,,,10/8/2012,
1434,,Retail Purchase,,,,,,,10/8/2012,
1435,,Retail Purchase,,,,,,,10/8/2012,
1436,,Retail Purchase,,,,,,,10/8/2012,
1437,,Retail Purchase,,,,,,,10/8/2012,
1438,,Retail Purchase,,,,,,,10/8/2012,
1439,,Retail Purchase,,,,,,,10/8/2012,
1440,,Retail Purchase,,,,,,,10/8/2012,
1441,,Retail Purchase,,,,,,,10/8/2012,
1442,,Retail Purchase,,,,,,,10/8/2012,
1443,,Retail Purchase,,,,,,,10/8/2012,
1444,,Retail Purchase,,,,,,,10/8/2012,
1445,,Retail Purchase,,,,,,,10/8/2012,
1446,,Retail Purchase,,,,,,,10/8/2012,
1447,,Retail Purchase,,,,,,,10/8/2012,
1448,,Retail Purchase,,,,,,,10/8/2012,
1449,,Retail Purchase,,,,,,,10/8/2012,
1450,,Retail Purchase,,,,,,,10/8/2012,
1451,,Retail Purchase,,,,,,,10/8/2012,
1452,,Retail Purchase,,,,,,,10/8/2012,
1453,,Retail Purchase,,,,,,,10/8/2012,
1454,,Retail Purchase,,,,,,,10/8/2012,
1455,,Retail Purchase,,,,,,,10/8/2012,
1456,,Retail Purchase,,,,,,,10/8/2012,
1457,,Retail Purchase,,,,,,,10/8/2012,
1458,,Retail Purchase,,,,,,,10/8/2012,
1459,,Retail Purchase,,,,,,,10/8/2012,
1460,,Retail Purchase,,,,,,,10/8/2012,
1461,,Retail Purchase,,,,,,,10/8/2012,
1462,,Retail Purchase,,,,,,,10/8/2012,
1463,,Retail Purchase,,,,,,,10/8/2012,
1464,,Retail Purchase,,,,,,,10/8/2012,
1465,,Retail Purchase,,,,,,,10/8/2012,
1466,,Retail Purchase,,,,,,,10/8/2012,
1467,,Retail Purchase,,,,,,,10/8/2012,
1468,,Retail Purchase,,,,,,,10/8/2012,
1469,,Retail Purchase,,,,,,,10/8/2012,
1470,,Retail Purchase,,,,,,,10/8/2012,
1471,,Retail Purchase,,,,,,,10/8/2012,
1472,,Retail Purchase,,,,,,,10/8/2012,
1473,,Retail Purchase,,,,,,,10/8/2012,
1474,,Retail Purchase,,,,,,,10/8/2012,
1475,,Retail Purchase,,,,,,,10/8/2012,
1476,,Retail Purchase,,,,,,,10/8/2012,
1477,,Retail Purchase,,,,,,,10/8/2012,
1478,,Retail Purchase,,,,,,,10/8/2012,
1479,,Retail Purchase,,,,,,,10/8/2012,
1480,,Retail Purchase,,,,,,,10/8/2012,
1481,,Retail Purchase,,,,,,,10/8/2012,
1482,,Retail Purchase,,,,,,,10/8/2012,
1483,,Retail Purchase,,,,,,,10/8/2012,
1484,,Retail Purchase,,,,,,,10/8/2012,
1485,,Retail Purchase,,,,,,,10/8/2012,
1486,,Retail Purchase,,,,,,,10/8/2012,
1487,,Retail Purchase,,,,,,,10/8/2012,
1488,,Retail Purchase,,,,,,,10/8/2012,
1489,,Retail Purchase,,,,,,,10/8/2012,
1490,,Retail Purchase,,,,,,,10/8/2012,
1491,,Retail Purchase,,,,,,,10/8/2012,
1492,,Retail Purchase,,,,,,,10/8/2012,
1493,,Retail Purchase,,,,,,,10/8/2012,
1494,,Retail Purchase,,,,,,,10/8/2012,
1495,,Retail Purchase,,,,,,,10/8/2012,
1496,,Retail Purchase,,,,,,,10/8/2012,
1497,,Retail Purchase,,,,,,,10/8/2012,
1498,,Retail Purchase,,,,,,,10/8/2012,
1499,,Retail Purchase,,,,,,,10/8/2012,
1500,,Retail Purchase,,,,,,,10/8/2012,
1501,,Retail Purchase,,,,,,,10/8/2012,
1502,,Retail Purchase,,,,,,,10/8/2012,
1503,,Retail Purchase,,,,,,,10/8/2012,
1504,,Retail Purchase,,,,,,,10/8/2012,
1520, Gen Cont Residential Buildi,Retail Purchase,,,,,,,10/8/2012,
1521,,Retail Purchase,,,,,,,10/8/2012,
1522,,Retail Purchase,,,,,,,10/8/2012,
1524,,Retail Purchase,,,,,,,10/8/2012,
1525,,Retail Purchase,,,,,,,10/8/2012,
1526,,Retail Purchase,,,,,,,10/8/2012,
1527,,Retail Purchase,,,,,,,10/8/2012,
1528,,Retail Purchase,,,,,,,10/8/2012,
1529,,Retail Purchase,,,,,,,10/8/2012,
1530,,Retail Purchase,,,,,,,10/8/2012,
1531,,Retail Purchase,,,,,,,10/8/2012,
1711," Heating,Plumbing,Air Condit",Retail Purchase,,,,,,,10/8/2012,
1731, Electrical Contractors,Retail Purchase,,,,,,,10/8/2012,
1740," Masonry,Stonework,Tile Sett",Retail Purchase,,,,,,,10/8/2012,
1750, Carpentry Contractors,Retail Purchase,,,,,,,10/8/2012,
1761," Roofing And Siding,Sheet Me",Retail Purchase,,,,,,,10/8/2012,
1771, Concrete Work Contractors,Retail Purchase,,,,,,,10/8/2012,
1799, Special Trade Contractors,Retail Purchase,,,,,,,10/8/2012,
2013,,Retail Purchase,,,,,,,10/8/2012,
2014,,Retail Purchase,,,,,,,10/8/2012,
2097,,Retail Purchase,,,,,,,10/8/2012,
2102,,Retail Purchase,,,,,,,10/8/2012,
2111,,Retail Purchase,,,,,,,10/8/2012,
2131,,Retail Purchase,,,,,,,10/8/2012,
2133,,Retail Purchase,,,,,,,10/8/2012,
2215,,Retail Purchase,,,,,,,10/8/2012,
2231,,Retail Purchase,,,,,,,10/8/2012,
2310,,Retail Purchase,,,,,,,10/8/2012,
2346,,Retail Purchase,,,,,,,10/8/2012,
2348,,Retail Purchase,,,,,,,10/8/2012,
2360,,Retail Purchase,,,,,,,10/8/2012,
2364,,Retail Purchase,,,,,,,10/8/2012,
2367,,Retail Purchase,,,,,,,10/8/2012,
2369,,Retail Purchase,,,,,,,10/8/2012,
2376,,Retail Purchase,,,,,,,10/8/2012,
2380,,Retail Purchase,,,,,,,10/8/2012,
2385,,Retail Purchase,,,,,,,10/8/2012,
2386,,Retail Purchase,,,,,,,10/8/2012,
2387,,Retail Purchase,,,,,,,10/8/2012,
2388,,Retail Purchase,,,,,,,10/8/2012,
2397,,Retail Purchase,,,,,,,10/8/2012,
2398,,Retail Purchase,,,,,,,10/8/2012,
2399,,Retail Purchase,,,,,,,10/8/2012,
2401,,Retail Purchase,,,,,,,10/8/2012,
2411,,Retail Purchase,,,,,,,10/8/2012,
2412,,Retail Purchase,,,,,,,10/8/2012,
2414,,Retail Purchase,,,,,,,10/8/2012,
2419,,Retail Purchase,,,,,,,10/8/2012,
2420,,Retail Purchase,,,,,,,10/8/2012,
2425,,Retail Purchase,,,,,,,10/8/2012,
2432,,Retail Purchase,,,,,,,10/8/2012,
2433,,Retail Purchase,,,,,,,10/8/2012,
2434,,Retail Purchase,,,,,,,10/8/2012,
2437,,Retail Purchase,,,,,,,10/8/2012,
2453,,Retail Purchase,,,,,,,10/8/2012,
2454,,Retail Purchase,,,,,,,10/8/2012,
2456,,Retail Purchase,,,,,,,10/8/2012,
2461,,Retail Purchase,,,,,,,10/8/2012,
2481,,Retail Purchase,,,,,,,10/8/2012,
2483,,Retail Purchase,,,,,,,10/8/2012,
2489,,Retail Purchase,,,,,,,10/8/2012,
2490,,Retail Purchase,,,,,,,10/8/2012,
2491,,Retail Purchase,,,,,,,10/8/2012,
2494,,Retail Purchase,,,,,,,10/8/2012,
2501,,Retail Purchase,,,,,,,10/8/2012,
2502,,Retail Purchase,,,,,,,10/8/2012,
2503,,Retail Purchase,,,,,,,10/8/2012,
2511,,Retail Purchase,,,,,,,10/8/2012,
2520,,Retail Purchase,,,,,,,10/8/2012,
2521,,Retail Purchase,,,,,,,10/8/2012,
2522,,Retail Purchase,,,,,,,10/8/2012,
2523,,Retail Purchase,,,,,,,10/8/2012,
2524,,Retail Purchase,,,,,,,10/8/2012,
2525,,Retail Purchase,,,,,,,10/8/2012,
2526,,Retail Purchase,,,,,,,10/8/2012,
2527,,Retail Purchase,,,,,,,10/8/2012,
2528,,Retail Purchase,,,,,,,10/8/2012,
2529,,Retail Purchase,,,,,,,10/8/2012,
2530,,Retail Purchase,,,,,,,10/8/2012,
2531,,Retail Purchase,,,,,,,10/8/2012,
2541,,Retail Purchase,,,,,,,10/8/2012,
2543,,Retail Purchase,,,,,,,10/8/2012,
2548,,Retail Purchase,,,,,,,10/8/2012,
2722,,Retail Purchase,,,,,,,10/8/2012,
2732,,Retail Purchase,,,,,,,10/8/2012,
2734,,Retail Purchase,,,,,,,10/8/2012,
2741, Misc-Publishing/Printing,Retail Purchase,,,,,,,10/8/2012,
2791, Typesetting/Plate Related,Retail Purchase,,,,,,,10/8/2012,
2842, Special Clean/Polish/Sanit,Retail Purchase,,,,,,,10/8/2012,
2912,,Retail Purchase,,,,,,,10/8/2012,
2941,,Retail Purchase,,,,,,,10/8/2012,
2942,,Retail Purchase,,,,,,,10/8/2012,
2946,,Retail Purchase,,,,,,,10/8/2012,
2961,,Retail Purchase,,,,,,,10/8/2012,
2994,,Retail Purchase,,,,,,,10/8/2012,
2995,,Retail Purchase,,,,,,,10/8/2012,
3000, United Airlines,Transportation,,,,,,,10/8/2012,
3001, American Airlines,Transportation,,,,,,,10/8/2012,
3002, Pan American,Transportation,,,,,,,10/8/2012,
3003,,Transportation,,,,,,,10/8/2012,
3004, DRAGONAIR,Transportation,,,,,,,10/8/2012,
3005, British Airways,Transportation,,,,,,,10/8/2012,
3006, Japan Air Lines,Transportation,,,,,,,10/8/2012,
3007, Air France,Transportation,,,,,,,10/8/2012,
3008, Lufthansa,Transportation,,,,,,,10/8/2012,
3009, Air Canada,Transportation,,,,,,,10/8/2012,
3010, KLM,Transportation,,,,,,,10/8/2012,
3011, Aeroflot,Transportation,AEROFLOT,АЭРОФЛОТ,ARBAT ST.,,RUS,MOSCOW,10/8/2012,
3012, Qantas,Transportation,,,,,,,10/8/2012,
3013, Alitalia,Transportation,,,,,,,10/8/2012,
3014, Saudi Arabian Airlines,Transportation,,,,,,,10/8/2012,
3015, Swiss International Air Lin,Transportation,,,,,,,10/8/2012,
3016, SAS,Transportation,,,,,,,10/8/2012,
3017, South African Airways,Transportation,,,,,,,10/8/2012,
3018, Varig (Brazil),Transportation,,,,,,,10/8/2012,
3019, GERMANWINGS,Transportation,,,,,,,10/8/2012,
3020, Air-India,Transportation,,,,,,,10/8/2012,
3021, Air Algerie Airalgerei,Transportation,,,,,,,10/8/2012,
3022, PAL AIR,Transportation,,,,,,,10/8/2012,
3023, Mexicana,Transportation,,,,,,,10/8/2012,
3024, Pakistan Int'l,Transportation,,,,,,,10/8/2012,
3025, Air New Zealand,Transportation,,,,,,,10/8/2012,
3026, Emirates Airlines,Transportation,,,,,,,10/8/2012,
3027, UTA/InterAir,Transportation,,,,,,,10/8/2012,
3028, Air Malta,Transportation,,,,,,,10/8/2012,
3029, SN Brussels Airlines,Transportation,,,,,,,10/8/2012,
3030, Aerolineas Argentinas,Transportation,,,,,,,10/8/2012,
3031, Olympic Airways,Transportation,,,,,,,10/8/2012,
3032, El Al,Transportation,,,,,,,10/8/2012,
3033, Ansett Airlines,Transportation,,,,,,,10/8/2012,
3034, TAA (Australia),Transportation,,,,,,,10/8/2012,
3035, TAP (Portugal),Transportation,,,,,,,10/8/2012,
3036, VASP (Brazil),Transportation,,,,,,,10/8/2012,
3037, EgyptAir,Transportation,,,,,,,10/8/2012,
3038, Kuwait Airways,Transportation,,,,,,,10/8/2012,
3039, Avianca,Transportation,,,,,,,10/8/2012,
3040, Gulf Air (Bahrain),Transportation,,,,,,,10/8/2012,
3041, Balkan - Bulgarian Airlines,Transportation,,,,,,,10/8/2012,
3042, Finnair,Transportation,,,,,,,10/8/2012,
3043, Aer Lingus,Transportation,,,,,,,10/8/2012,
3044, Air Lanka,Transportation,,,,,,,10/8/2012,
3045, Nigeria Airways,Transportation,,,,,,,10/8/2012,
3046, Cruzeiro Do Sul (Bra.),Transportation,,,,,,,10/8/2012,
3047, THY (Turkey),Transportation,,,,,,,10/8/2012,
3048, Royal Air Maroc,Transportation,,,,,,,10/8/2012,
3049, Tunis Air,Transportation,,,,,,,10/8/2012,
3050, Icelandair,Transportation,,,,,,,10/8/2012,
3051, Austrian Airlines,Transportation,,,,,,,10/8/2012,
3052, Lan Air,Transportation,,,,,,,10/8/2012,
3053, AVIACO (Spain),Transportation,,,,,,,10/8/2012,
3054, Ladeco (Chile),Transportation,,,,,,,10/8/2012,
3055, LAB (Bolivia),Transportation,,,,,,,10/8/2012,
3056, JET AIR,Transportation,,,,,,,10/8/2012,
3057,(Obsolete)  East/West Air. (Aust),Transportation,,,,,,,10/8/2012,
3058, Delta,Transportation,,,,,,,10/8/2012,
3059, DBA AIRLINES,Transportation,,,,,,,10/8/2012,
3060, NWA Air,Transportation,,,,,,,10/8/2012,
3061, Continental,Transportation,,,,,,,10/8/2012,
3062, HAPAG-LLOYD EXPRESS AIRLINES,Transportation,,,,,,,10/8/2012,
3063, U.S. Airwys,Transportation,,,,,,,10/8/2012,
3064, Adria Airways,Transportation,,,,,,,10/8/2012,
3065, Air Inter,Transportation,,,,,,,10/8/2012,
3066, Southwest,Transportation,,,,,,,10/8/2012,
3067, Vanguard Airlines,Transportation,,,,,,,10/8/2012,
3068, AIR ASTANA,Transportation,,,,,,,10/8/2012,
3071, Air British Columbia,Transportation,,,,,,,10/8/2012,
3072,,Transportation,,,,,,,10/8/2012,
3072, CEBU PAC,Transportation,,,,,,,10/8/2012,
3075, Singapore Airlines,Transportation,,,,,,,10/8/2012,
3076, Aeromexico,Transportation,,,,,,,10/8/2012,
3077, Thai Airways,Transportation,,,,,,,10/8/2012,
3078, China Airlines,Transportation,,,,,,,10/8/2012,
3079, Jetstar Airways,Transportation,,,,,,,10/8/2012,
3081,(Obsolete)  Nordair,Transportation,,,,,,,10/8/2012,
3082, Korean Airlines,Transportation,,,,,,,10/8/2012,
3083, Airafrique,Transportation,,,,,,,10/8/2012,
3084, Eva Air,Transportation,,,,,,,10/8/2012,
3085, Midwest Express Airlines,Transportation,,,,,,,10/8/2012,
3086, Carnivalair,Transportation,,,,,,,10/8/2012,
3087, Metro Airlines,Transportation,,,,,,,10/8/2012,
3088, Croatia Air,Transportation,,,,,,,10/8/2012,
3089, Transaero,Transportation,TRANSAERO  ,ТРАНСАЭРО,"47-1,B.POLYANKA",, RUS,MOSCOW,10/8/2012,
3090, Qatar Airways Company W.L.L,Transportation,,,,,,,10/8/2012,
3092, Midway Airlines,Transportation,,,,,,,10/8/2012,
3094, Zambia Airways,Transportation,,,,,,,10/8/2012,
3095, Wardair (canada),Transportation,,,,,,,10/8/2012,
3096, Air Zimbabwe,Transportation,,,,,,,10/8/2012,
3097, Spanair,Transportation,,,,,,,10/8/2012,
3098, Asiana Airlines,Transportation,,,,,,,10/8/2012,
3099, Cathay Pacific,Transportation,,,,,,,10/8/2012,
3100, Malaysian Air Sys.,Transportation,,,,,,,10/8/2012,
3102, Iberia,Transportation,,,,,,,10/8/2012,
3103, Garuda (Indonesia),Transportation,,,,,,,10/8/2012,
3106, Braathens S.A.F.E(Nor),Transportation,,,,,,,10/8/2012,
3110, Wings Airways,Transportation,,,,,,,10/8/2012,
3111, British Midland,Transportation,,,,,,,10/8/2012,
3112, Windward Island,Transportation,,,,,,,10/8/2012,
3115, Tower Air,Transportation,,,,,,,10/8/2012,
3117, Viasa,Transportation,,,,,,,10/8/2012,
3118, Valley Airlines,Transportation,,,,,,,10/8/2012,
3125, Tan Sahsa,Transportation,,,,,,,10/8/2012,
3126, Talair,Transportation,,,,,,,10/8/2012,
3127, Taca Int,Transportation,,,,,,,10/8/2012,
3129, Surinam Airways,Transportation,,,,,,,10/8/2012,
3130, Sun World Int,Transportation,,,,,,,10/8/2012,
3131,,Transportation,,,,,,,10/8/2012,
3132, Frontier Airlines,Transportation,,,,,,,10/8/2012,
3133, Sunbelt Airlines,Transportation,,,,,,,10/8/2012,
3135, Sudan Airways,Transportation,,,,,,,10/8/2012,
3136, Qatar Airways Company W.L.L,Transportation,,,,,,,10/8/2012,
3137, Singleton,Transportation,,,,,,,10/8/2012,
3138, Simmons Airlines,Transportation,,,,,,,10/8/2012,
3143, Scenic Airlines,Transportation,,,,,,,10/8/2012,
3144, Virgin Atlantic   Viratl,Transportation,,,,,,,10/8/2012,
3145, San Juan,Transportation,,,,,,,10/8/2012,
3146, Luxair,Transportation,,,,,,,10/8/2012,
3148," Air Littoral, S.A.(LITTORAL",Transportation,,,,,,,10/8/2012,
3151, Air Zaire  Airzaire,Transportation,,,,,,,10/8/2012,
3154, Princeville,Transportation,,,,,,,10/8/2012,
3156, GO FLY Ltd.,Transportation,,,,,,,10/8/2012,
3159, PBA,Transportation,,,,,,,10/8/2012,
3161, All Nippon Airways   Anaair,Transportation,,,,,,,10/8/2012,
3164, Norontair,Transportation,,,,,,,10/8/2012,
3165, New York Helicopter,Transportation,,,,,,,10/8/2012,
3167, Aero Continente,Transportation,,,,,,,10/8/2012,
3170, Mount Cook,Transportation,,,,,,,10/8/2012,
3171, Canadian Airlines Canadian,Transportation,,,,,,,10/8/2012,
3172, Nation Air   Nationai,Transportation,,,,,,,10/8/2012,
3174, JetBlue Airways,Transportation,,,,,,,10/8/2012,
3175, Middle East Air,Transportation,,,,,,,10/8/2012,
3176, Metroflight Airlines,Transportation,,,,,,,10/8/2012,
3177, AirTran Airways (AIRTRANAIR,Transportation,,,,,,,10/8/2012,
3178, Mesa Air,Transportation,,,,,,,10/8/2012,
3180, Westjet Airlines,Transportation,,,,,,,10/8/2012,
3181, Malev,Transportation,,,,,,,10/8/2012,
3182, LOT (Poland),Transportation,,,,,,,10/8/2012,
3183, Oman Aviation Services,Transportation,,,,,,,10/8/2012,
3184, LIAT,Transportation,,,,,,,10/8/2012,
3185, LAV (Venezuela),Transportation,,,,,,,10/8/2012,
3186, LAP (Paraguay),Transportation,,,,,,,10/8/2012,
3187, LACSA,Transportation,,,,,,,10/8/2012,
3188, Virgin Express,Transportation,,,,,,,10/8/2012,
3190, Jugoslav Air,Transportation,,,,,,,10/8/2012,
3191, Island Airlines,Transportation,,,,,,,10/8/2012,
3192,(Obsolete)  Iran National,Transportation,,,,,,,10/8/2012,
3193, Indian Airlines,Transportation,,,,,,,10/8/2012,
3196, Hawaiian Air,Transportation,,,,,,,10/8/2012,
3197, Havasu Airlines,Transportation,,,,,,,10/8/2012,
3200, Guyana Airways,Transportation,,,,,,,10/8/2012,
3203, Golden Pacific Air,Transportation,,,,,,,10/8/2012,
3204, Freedom Airlines,Transportation,,,,,,,10/8/2012,
3206, China Eastern Airlines,Transportation,,,,,,,10/8/2012,
3211, Norwegian Air Shuttle,Transportation,,,,,,,10/8/2012,
3212, Dominicana,Transportation,,,,,,,10/8/2012,
3213, Malmo Aviation-MALMO AV,Transportation,,,,,,,10/8/2012,
3215, Dan Air Services,Transportation,,,,,,,10/8/2012,
3216, Cumberland Airlines,Transportation,,,,,,,10/8/2012,
3217, CSA,Transportation,,,,,,,10/8/2012,
3218, Crown Air,Transportation,,,,,,,10/8/2012,
3219, Copa,Transportation,,,,,,,10/8/2012,
3220, Compania Faucett,Transportation,,,,,,,10/8/2012,
3221, Transportes Aereos Militare,Transportation,,,,,,,10/8/2012,
3222, Command Airways,Transportation,,,,,,,10/8/2012,
3223, Comair,Transportation,,,,,,,10/8/2012,
3226, Skyways-SKYWAYS,Transportation,,,,,,,10/8/2012,
3228, Cayman Airways,Transportation,,,,,,,10/8/2012,
3229, Saeta,Transportation,,,,,,,10/8/2012,
3231, Sahsa,Transportation,,,,,,,10/8/2012,
3233, Capitol Air,Transportation,,,,,,,10/8/2012,
3234, CARIBBEAN AIRLINES,Transportation,,,,,,,10/8/2012,
3235, Brockway Air,Transportation,,,,,,,10/8/2012,
3236, Air Arabia Airline,Transportation,,,,,,,10/8/2012,
3238, Bemidji Aviation,Transportation,,,,,,,10/8/2012,
3239, Bar Harbor Airlines,Transportation,,,,,,,10/8/2012,
3240, Bahamasair,Transportation,,,,,,,10/8/2012,
3241, Aviateca (Guatemala),Transportation,,,,,,,10/8/2012,
3242, Avensa,Transportation,,,,,,,10/8/2012,
3243, Austrian Air Service,Transportation,,,,,,,10/8/2012,
3245, EasyJet - EASYJET,Transportation,,,,,,,10/8/2012,
3246, Ryanair - RYANAIR,Transportation,,,,,,,10/8/2012,
3247, Gol Airlines - GOL,Transportation,,,,,,,10/8/2012,
3248, Tam Airlines - TAM,Transportation,,,,,,,10/8/2012,
3251, Aloha Airlines,Transportation,,,,,,,10/8/2012,
3252, ALM Antilean Airlines,Transportation,,,,,,,10/8/2012,
3253, America West,Transportation,,,,,,,10/8/2012,
3254, Trump Airline  Trumpair,Transportation,,,,,,,10/8/2012,
3256, Alaska Airlines,Transportation,,,,,,,10/8/2012,
3259, American Trans Air,Transportation,,,,,,,10/8/2012,
3260, Spirit Airlines - SPIRIT,Transportation,,,,,,,10/8/2012,
3261, Air China,Transportation,,,,,,,10/8/2012,
3262," Reno Air, Inc.",Transportation,,,,,,,10/8/2012,
3263, Aero Servicio Carabobo,Transportation,,,,,,,10/8/2012,
3266, Air Seychelles,Transportation,,,,,,,10/8/2012,
3267, Air Panama,Transportation,,,,,,,10/8/2012,
3280, Air Jamaica,Transportation,,,,,,,10/8/2012,
3282, Air Djibouti,Transportation,,,,,,,10/8/2012,
3284, Aero Virgin Islands,Transportation,,,,,,,10/8/2012,
3285, AeroPeru,Transportation,,,,,,,10/8/2012,
3286, Aero Nicaraguensis,Transportation,,,,,,,10/8/2012,
3287, Aero Coach Aviation,Transportation,,,,,,,10/8/2012,
3292, Cyprus Airways,Transportation,,,,,,,10/8/2012,
3293, Equatoriana,Transportation,,,,,,,10/8/2012,
3294, Ethiopian Airlines,Transportation,,,,,,,10/8/2012,
3295, Kenya Airways,Transportation,,,,,,,10/8/2012,
3296, AIR BERLIN,Transportation,,,,,,,10/8/2012,
3297, Tarom Romanian Air Transpor,Transportation,,,,,,,10/8/2012,
3298, Air Mauritus   Airmauri,Transportation,,,,,,,10/8/2012,
3299, Wideroe's Flyveselskap,Transportation,,,,,,,10/8/2012,
3351, Affiliated Auto Rental,Vehicle Rental,,,,,,,10/8/2012,
3352, American International,Vehicle Rental,,,,,,,10/8/2012,
3353, Brooks Rent A Car,Vehicle Rental,,,,,,,10/8/2012,
3354, Action Auto Rental,Vehicle Rental,,,,,,,10/8/2012,
3355, SIXT Car Rental,Vehicle Rental,,,,,,,10/8/2012,
3357, Hertz Corporation,Vehicle Rental,CORPORATIVO HERTZ AV AVIACIO MERIDA,,,,MEX,YUC ,10/8/2012,
3359, Payless Car Rental,Vehicle Rental,,,,,,,10/8/2012,
3360, Snappy Car Rental,Vehicle Rental,,,,,,,10/8/2012,
3361, Airways Rent-A-Car,Vehicle Rental,,,,,,,10/8/2012,
3362, Altra Auto Rental,Vehicle Rental,,,,,,,10/8/2012,
3364, Agency Rent-A-Car,Vehicle Rental,,,,,,,10/8/2012,
3366, Budget Rent-A-Car,Vehicle Rental,,,,,,,10/8/2012,
3368, Holiday Rent-A-Car,Vehicle Rental,,,,,,,10/8/2012,
3370, Rent A Wreck,Vehicle Rental,,,,,,,10/8/2012,
3374, Accent Rent-A-Car,Vehicle Rental,,,,,,,10/8/2012,
3376, Ajax Rent-A-Car,Vehicle Rental,,,,,,,10/8/2012,
3380, Triangle Rent-A-Car,Vehicle Rental,,,,,,,10/8/2012,
3381, Europ Car,Vehicle Rental,,,,,,,10/8/2012,
3385, Tropical Rent-A-Car,Vehicle Rental,,,,,,,10/8/2012,
3386, Showcase Rental Cars,Vehicle Rental,,,,,,,10/8/2012,
3387, Alama Rent-A-Car,Vehicle Rental,,,,,,,10/8/2012,
3388, Merchants Rent-A-Car,Vehicle Rental,,,,,,,10/8/2012,
3389, Avis Rent-A-Car,Vehicle Rental,,,,,,,10/8/2012,
3390, Dollar Rent A Car,Vehicle Rental,,,,,,,10/8/2012,
3391, Europe By Car,Vehicle Rental,,,,,,,10/8/2012,
3393, National Car Rental,Vehicle Rental,,,,,,,10/8/2012,
3394, Kemwell Group Rent-A-Car,Vehicle Rental,,,,,,,10/8/2012,
3395, Thrifty Rent-A-Car,Vehicle Rental,,,,,,,10/8/2012,
3396, Tilden Rent-A-Car,Vehicle Rental,,,,,,,10/8/2012,
3398, Econo Car Rent-A-Car,Vehicle Rental,,,,,,,10/8/2012,
3400, Auto Host Car Rental,Vehicle Rental,,,,,,,10/8/2012,
3405, Enterprise Rent-A-Car,Vehicle Rental,,,,,,,10/8/2012,
3409, General Rent-A-Car,Vehicle Rental,,,,,,,10/8/2012,
3412, A1 Rent-A-Car,Vehicle Rental,,,,,,,10/8/2012,
3414, Godfrey National Rent-A-Car,Vehicle Rental,,,,,,,10/8/2012,
3420, ANSA International,Vehicle Rental,,,,,,,10/8/2012,
3421, Allstat Rent-A-Car,Vehicle Rental,,,,,,,10/8/2012,
3423, Avcar Rent-A-Car,Vehicle Rental,,,,,,,10/8/2012,
3425, Automate Rent-A-Car,Vehicle Rental,,,,,,,10/8/2012,
3427, Avon Rent-A-Car,Vehicle Rental,,,,,,,10/8/2012,
3428, Carey Rent-A-Car,Vehicle Rental,,,,,,,10/8/2012,
3429, Insurance Rent-A-Car,Vehicle Rental,,,,,,,10/8/2012,
3430, Major Rent-A-Car,Vehicle Rental,,,,,,,10/8/2012,
3431, Replacement Rent-A-Car,Vehicle Rental,,,,,,,10/8/2012,
3432, Reserve Rent-A-Car,Vehicle Rental,,,,,,,10/8/2012,
3433, Ugly Duckling Rent-A-Car,Vehicle Rental,,,,,,,10/8/2012,
3434, USA Rent-A-Car,Vehicle Rental,,,,,,,10/8/2012,
3435, Value Rent-A-Car,Vehicle Rental,,,,,,,10/8/2012,
3436, Autohansa Rent-A-Car,Vehicle Rental,,,,,,,10/8/2012,
3437, Cite Rent-A-Car,Vehicle Rental,,,,,,,10/8/2012,
3438, Interent Rent-A-Car,Vehicle Rental,,,,,,,10/8/2012,
3439, Milleville Rent-A-Car,Vehicle Rental,,,,,,,10/8/2012,
3441, Advantage Rent-A-Car,Vehicle Rental,,,,,,,10/8/2012,
3501, Holiday Inns,Hotel/Motel,,,,,,,10/8/2012,
3502, Best Western Int'l,Hotel/Motel,,,,,,,10/8/2012,
3503, Sheraton,Hotel/Motel,,,,,,,10/8/2012,
3504, Hilton Hotels,Hotel/Motel,,,,,,,10/8/2012,
3505, Forte Hotels,Hotel/Motel,,,,,,,10/8/2012,
3506, Golden Tulip,Hotel/Motel,,,,,,,10/8/2012,
3507, Friendship Inns Int,Hotel/Motel,,,,,,,10/8/2012,
3508, Quality Int,Hotel/Motel,,,,,,,10/8/2012,
3509, Marriott,Hotel/Motel,,,,,,,10/8/2012,
3510, Days Inns Of America,Hotel/Motel,,,,,,,10/8/2012,
3511, Arabella Hotels,Hotel/Motel,,,,,,,10/8/2012,
3512, Intercontinental,Hotel/Motel,,,,,,,10/8/2012,
3513, Westin,Hotel/Motel,,,,,,,10/8/2012,
3514, Amerisuites,Hotel/Motel,,,,,,,10/8/2012,
3515, Rodeway Inns Int,Hotel/Motel,,,,,,,10/8/2012,
3516, La Quinta Motor Inns,Hotel/Motel,,,,,,,10/8/2012,
3517, Americana Htls Corp.,Hotel/Motel,,,,,,,10/8/2012,
3518, Sol Hotels,Hotel/Motel,,,,,,,10/8/2012,
3519, PLM/ETAP Int'l,Hotel/Motel,,,,,,,10/8/2012,
3520, Meridien,Hotel/Motel,,,,,,,10/8/2012,
3521, Royal Lahaina Resort,Hotel/Motel,,,,,,,10/8/2012,
3522, Tokyo Group,Hotel/Motel,,,,,,,10/8/2012,
3523, Pennisilvania Hotels,Hotel/Motel,,,,,,,10/8/2012,
3524, Welcom Group Hotels,Hotel/Motel,,,,,,,10/8/2012,
3525, Dunfey Hotels,Hotel/Motel,,,,,,,10/8/2012,
3526, Prince Hotels,Hotel/Motel,,,,,,,10/8/2012,
3527, Downtowner-Passport,Hotel/Motel,,,,,,,10/8/2012,
3528, Red Lion Inns,Hotel/Motel,,,,,,,10/8/2012,
3529, CP(Canadian Pacific),Hotel/Motel,,,,,,,10/8/2012,
3530, Stouffer Corporation,Hotel/Motel,,,,,,,10/8/2012,
3531, Kauai Coconut Beach Resort,Hotel/Motel,,,,,,,10/8/2012,
3532, Royal Kona Resort,Hotel/Motel,,,,,,,10/8/2012,
3533, Hotel Ibis,Hotel/Motel,,,,,,,10/8/2012,
3534, Southern Pacific,Hotel/Motel,,,,,,,10/8/2012,
3535, Hilton Int'l,Hotel/Motel,,,,,,,10/8/2012,
3536, AMFAC Hotels,Hotel/Motel,,,,,,,10/8/2012,
3537, Ana Hotels,Hotel/Motel,,,,,,,10/8/2012,
3538, Concorde Hotels,Hotel/Motel,,,,,,,10/8/2012,
3539, Summerfield Suites Hotel,Hotel/Motel,,,,,,,10/8/2012,
3540, Iberotel,Hotel/Motel,,,,,,,10/8/2012,
3541, Hotel Okura,Hotel/Motel,,,,,,,10/8/2012,
3542, Royal Hotels,Hotel/Motel,,,,,,,10/8/2012,
3543, Four Seasons,Hotel/Motel,,,,,,,10/8/2012,
3544, Ciga Hotels,Hotel/Motel,,,,,,,10/8/2012,
3545, Shangri-la International,Hotel/Motel,,,,,,,10/8/2012,
3546, Sierra Suites Hotel,Hotel/Motel,,,,,,,10/8/2012,
3547,,Hotel/Motel,,,,,,,10/8/2012,
3548, Hoteles Melia,Hotel/Motel,,,,,,,10/8/2012,
3549, Auberge Des Gouverneusses,Hotel/Motel,,,,,,,10/8/2012,
3550, Regal 8 Inns,Hotel/Motel,,,,,,,10/8/2012,
3551, Mirage Hotel And Casino,Hotel/Motel,,,,,,,10/8/2012,
3552, Coast Hotel,Hotel/Motel,,,,,,,10/8/2012,
3553, Park Inns International,Hotel/Motel,,,,,,,10/8/2012,
3554, Pinehurst Resort,Hotel/Motel,,,,,,,10/8/2012,
3555, Treasure Island Hotel Casin,Hotel/Motel,,,,,,,10/8/2012,
3556, Barton Creek Resort,Hotel/Motel,,,,,,,10/8/2012,
3557, Manhatten East Suite Hotels,Hotel/Motel,,,,,,,10/8/2012,
3558, Jolly Hotels,Hotel/Motel,,,,,,,10/8/2012,
3559,,Hotel/Motel,,,,,,,10/8/2012,
3560, Aladdin Resort And Casino,Hotel/Motel,,,,,,,10/8/2012,
3561, Golden Nugget,Hotel/Motel,,,,,,,10/8/2012,
3562, Comfort Hotels Int'l,Hotel/Motel,,,,,,,10/8/2012,
3563, Jouney's End Hotels,Hotel/Motel,,,,,,,10/8/2012,
3564, Sam's Town Hotel And Casino,Hotel/Motel,,,,,,,10/8/2012,
3565, Relax Inns,Hotel/Motel,,,,,,,10/8/2012,
3566, Garden Place Hotel,Hotel/Motel,,,,,,,10/8/2012,
3567, Soho Grand Hotel,Hotel/Motel,,,,,,,10/8/2012,
3568, Ladbroke Hotels,Hotel/Motel,,,,,,,10/8/2012,
3569, Tribeca Grand Hotel,Hotel/Motel,,,,,,,10/8/2012,
3570, Forum Hotels,Hotel/Motel,,,,,,,10/8/2012,
3571, Grand Wailea Resort,Hotel/Motel,,,,,,,10/8/2012,
3572, Miyako Hotel/Kintetsu,Hotel/Motel,,,,,,,10/8/2012,
3573, Sandman Hotels,Hotel/Motel,,,,,,,10/8/2012,
3574, Venture Inn,Hotel/Motel,,,,,,,10/8/2012,
3575, Vagabond Hotels,Hotel/Motel,,,,,,,10/8/2012,
3576, La Quinta Resort,Hotel/Motel,,,,,,,10/8/2012,
3577, Mandarin Int,Hotel/Motel,,,,,,,10/8/2012,
3578, Frankenmuth Bavarian,Hotel/Motel,,,,,,,10/8/2012,
3579, Hotel Mercure,Hotel/Motel,,,,,,,10/8/2012,
3580, Hotel Del Coronado,Hotel/Motel,,,,,,,10/8/2012,
3581, Delta Hotels,Hotel/Motel,,,,,,,10/8/2012,
3582, California Hotel And Casino,Hotel/Motel,,,,,,,10/8/2012,
3583, SAS Hotels,Hotel/Motel,,,,,,,10/8/2012,
3584, Princess Hotels Int'l,Hotel/Motel,,,,,,,10/8/2012,
3585, Hungar Hotels,Hotel/Motel,,,,,,,10/8/2012,
3586, Sokos Hotels,Hotel/Motel,,,,,,,10/8/2012,
3587, Doral Hotels,Hotel/Motel,,,,,,,10/8/2012,
3588, Helmsley Hotels,Hotel/Motel,,,,,,,10/8/2012,
3589, Doral Golf Resort,Hotel/Motel,,,,,,,10/8/2012,
3590, Fairmont Hotels Corp.,Hotel/Motel,,,,,,,10/8/2012,
3591, Sonesta Int'l Hotels,Hotel/Motel,,,,,,,10/8/2012,
3592, Omni International,Hotel/Motel,,,,,,,10/8/2012,
3593, Cunard Hotels,Hotel/Motel,,,,,,,10/8/2012,
3594, Arizona Biltmore,Hotel/Motel,,,,,,,10/8/2012,
3595, Hospitality Inns,Hotel/Motel,,,,,,,10/8/2012,
3596, Wynn Las Vegas,Hotel/Motel,,,,,,,10/8/2012,
3597, Riversite Resort And Casion,Hotel/Motel,,,,,,,10/8/2012,
3598, Regent Hotels,Hotel/Motel,,,,,,,10/8/2012,
3599, Pannoria Hotel,Hotel/Motel,,,,,,,10/8/2012,
3600, Saddlebrook Resort - Tampa,Hotel/Motel,,,,,,,10/8/2012,
3601, TradeWinds Resorts,Hotel/Motel,,,,,,,10/8/2012,
3602,,Hotel/Motel,,,,,,,10/8/2012,
3603, Noah's Hotel (Melbn),Hotel/Motel,,,,,,,10/8/2012,
3604,,Hotel/Motel,,,,,,,10/8/2012,
3605,,Hotel/Motel,,,,,,,10/8/2012,
3606,,Hotel/Motel,,,,,,,10/8/2012,
3607,,Hotel/Motel,,,,,,,10/8/2012,
3608, GAYLORD OPRYLAND,Hotel/Motel,,,,,,,10/8/2012,
3609, GAYLORD PALMS,Hotel/Motel,,,,,,,10/8/2012,
3610,,Hotel/Motel,,,,,,,10/8/2012,
3611,,Hotel/Motel,,,,,,,10/8/2012,
3612, Movenpick Hotels,Hotel/Motel,,,,,,,10/8/2012,
3613, MICROTEL INNS & SUITES,Hotel/Motel,,,,,,,10/8/2012,
3614,,Hotel/Motel,,,,,,,10/8/2012,
3614, AMERICINN,Hotel/Motel,,,,,,,10/8/2012,
3615, Travelodge Motels,Hotel/Motel,,,,,,,10/8/2012,
3616,,Hotel/Motel,,,,,,,10/8/2012,
3617,,Hotel/Motel,,,,,,,10/8/2012,
3617, AMERICAS BEST VALUE INN,Hotel/Motel,,,,,,,10/8/2012,
3618,,Hotel/Motel,,,,,,,10/8/2012,
3618, GREAT WOLF,Hotel/Motel,,,,,,,10/8/2012,
3619,,Hotel/Motel,,,,,,,10/8/2012,
3619, ALOFT,Hotel/Motel,,,,,,,10/8/2012,
3620, Binion's Horseshoe Club,Hotel/Motel,,,,,,,10/8/2012,
3621, EXTENDED STAY,Hotel/Motel,,,,,,,10/8/2012,
3622, Merlin Hotel (Perth),Hotel/Motel,,,,,,,10/8/2012,
3623, Dorint Hotels,Hotel/Motel,,,,,,,10/8/2012,
3624, Lady Luck Hotel And Casino,Hotel/Motel,,,,,,,10/8/2012,
3625, Hotel Universal,Hotel/Motel,,,,,,,10/8/2012,
3626, STUDIO PLUS,Hotel/Motel,,,,,,,10/8/2012,
3627, EXTENDED STAY AMERICA,Hotel/Motel,,,,,,,10/8/2012,
3628, Excalibur Hotel And Casino,Hotel/Motel,,,,,,,10/8/2012,
3629, Dan Hotels,Hotel/Motel,,,,,,,10/8/2012,
3630, EXTENDED STAY DELUXE,Hotel/Motel,,,,,,,10/8/2012,
3631, Sleep Inn,Hotel/Motel,,,,,,,10/8/2012,
3632, The Phoenician,Hotel/Motel,,,,,,,10/8/2012,
3633, Rank-hotels,Hotel/Motel,,,,,,,10/8/2012,
3634, Swiss Hotels,Hotel/Motel,,,,,,,10/8/2012,
3635, Reso Hotels,Hotel/Motel,,,,,,,10/8/2012,
3636, Sarova Hotels,Hotel/Motel,,,,,,,10/8/2012,
3637, Ramada Inns,Hotel/Motel,,,,,,,10/8/2012,
3638, Howard Jonhson,Hotel/Motel,,,,,,,10/8/2012,
3639, Mount Charlotte Thistle,Hotel/Motel,,,,,,,10/8/2012,
3640, Hyatt Hotels/Int'l,Hotel/Motel,,,,,,,10/8/2012,
3641, Sofitel Hotels,Hotel/Motel,,,,,,,10/8/2012,
3642, Novotel Sieh (Accor),Hotel/Motel,,,,,,,10/8/2012,
3643, Steinberger Hotels,Hotel/Motel,,,,,,,10/8/2012,
3644, Econo-Travel Mtr Htl,Hotel/Motel,,,,,,,10/8/2012,
3645, Queens Moat-hotels,Hotel/Motel,,,,,,,10/8/2012,
3646, Swallow Hotels,Hotel/Motel,,,,,,,10/8/2012,
3647, Grupo Hotels Husa SA,Hotel/Motel,,,,,,,10/8/2012,
3648, De Vera Hotels,Hotel/Motel,,,,,,,10/8/2012,
3649, Radisson Hotels,Hotel/Motel,,,,,,,10/8/2012,
3650, Red Roof Inns,Hotel/Motel,,,,,,,10/8/2012,
3651, Imperial London Hotels,Hotel/Motel,,,,,,,10/8/2012,
3652, embassy hotels,Hotel/Motel,,,,,,,10/8/2012,
3653, Penta Hotels,Hotel/Motel,,,,,,,10/8/2012,
3654, Loews Hotels,Hotel/Motel,,,,,,,10/8/2012,
3655, Scandic Hotels,Hotel/Motel,,,,,,,10/8/2012,
3656, Sara Hotels,Hotel/Motel,,,,,,,10/8/2012,
3657, Oberoi Hotels,Hotel/Motel,,,,,,,10/8/2012,
3658, New Otani Hotels,Hotel/Motel,,,,,,,10/8/2012,
3659, Taj Hotels Int'l,Hotel/Motel,,,,,,,10/8/2012,
3660, Knights Inn,Hotel/Motel,,,,,,,10/8/2012,
3661, Metropole Hotels,Hotel/Motel,,,,,,,10/8/2012,
3662, Circus Circus Hotel Casino,Hotel/Motel,,,,,,,10/8/2012,
3663, Hoteles El Presidente,Hotel/Motel,,,,,,,10/8/2012,
3664, Flag Inns,Hotel/Motel,,,,,,,10/8/2012,
3665, Hampton Inns,Hotel/Motel,,,,,,,10/8/2012,
3666, Stakis Hotels,Hotel/Motel,,,,,,,10/8/2012,
3667, Luxor Hotel And Casino,Hotel/Motel,,,,,,,10/8/2012,
3668, Maritim Hotels,Hotel/Motel,FLU MARITIM  DUESSELDORF ,,,,DEU,DUESSELDORF ,10/8/2012,
3669, Eldorado Hotel And Casino,Hotel/Motel,,,,,,,10/8/2012,
3670, Arcade Hotels,Hotel/Motel,,,,,,,10/8/2012,
3671, Arctia Hotels,Hotel/Motel,,,,,,,10/8/2012,
3672, Campanila Hotels,Hotel/Motel,,,,,,,10/8/2012,
3673, Ibusz Hotels,Hotel/Motel,,,,,,,10/8/2012,
3674, Rantasipi Hotels,Hotel/Motel,,,,,,,10/8/2012,
3675, Interhotel Cedok,Hotel/Motel,,,,,,,10/8/2012,
3676, Monte Carlo Hotel And Casin,Hotel/Motel,,,,,,,10/8/2012,
3677, Climat De France Hotels,Hotel/Motel,,,,,,,10/8/2012,
3678, Cumulus Hotels,Hotel/Motel,,,,,,,10/8/2012,
3679, Silver Legacy Hotel Casino,Hotel/Motel,,,,,,,10/8/2012,
3680, Hoteis Othan,Hotel/Motel,,,,,,,10/8/2012,
3681, Adams Mark Hotels,Hotel/Motel,,,,,,,10/8/2012,
3682, Sahara Hotel And Casino,Hotel/Motel,,,,,,,10/8/2012,
3683, Bradbury Hotels,Hotel/Motel,,,,,,,10/8/2012,
3684, Budget Hosts Inns,Hotel/Motel,,,,,,,10/8/2012,
3685, Budgetel Inns,Hotel/Motel,,,,,,,10/8/2012,
3686, Suisse Hotels,Hotel/Motel,,,,,,,10/8/2012,
3687, Clarion Hotels,Hotel/Motel,,,,,,,10/8/2012,
3688, Compri Hotels,Hotel/Motel,,,,,,,10/8/2012,
3689, Consort Hotels,Hotel/Motel,,,,,,,10/8/2012,
3690, Courtyard Inns,Hotel/Motel,,,,,,,10/8/2012,
3691, Dillin Inn,Hotel/Motel,,,,,,,10/8/2012,
3692, Doubletree Hotels,Hotel/Motel,,,,,,,10/8/2012,
3693, Drury Inn,Hotel/Motel,,,,,,,10/8/2012,
3694, Economy Inns Of America,Hotel/Motel,,,,,,,10/8/2012,
3695, Embassy Suites,Hotel/Motel,,,,,,,10/8/2012,
3696, Excel Inn,Hotel/Motel,,,,,,,10/8/2012,
3697, Fairfield Hotels,Hotel/Motel,,,,,,,10/8/2012,
3698, Harley Hotels,Hotel/Motel,,,,,,,10/8/2012,
3699, Midway Motor Lodge,Hotel/Motel,,,,,,,10/8/2012,
3700, Motel 6,Hotel/Motel,,,,,,,10/8/2012,
3701, La Mansion Del Rio,Hotel/Motel,,,,,,,10/8/2012,
3702, The Registry Hotels,Hotel/Motel,,,,,,,10/8/2012,
3703, Residence Inn,Hotel/Motel,,,,,,,10/8/2012,
3704, Royce Hotels,Hotel/Motel,,,,,,,10/8/2012,
3705, Sandman Inn,Hotel/Motel,,,,,,,10/8/2012,
3706, Shilo Inn,Hotel/Motel,,,,,,,10/8/2012,
3707, Shoney's Inn,Hotel/Motel,,,,,,,10/8/2012,
3708, Virgin River Hotel Casino,Hotel/Motel,,,,,,,10/8/2012,
3709, Super 8 Motels,Hotel/Motel,,,,,,,10/8/2012,
3710, The Ritz Carlton,Hotel/Motel,,,,,,,10/8/2012,
3711, Flag Inns (australia),Hotel/Motel,,,,,,,10/8/2012,
3712, Buffalo Bill's Hotel Casino,Hotel/Motel,,,,,,,10/8/2012,
3713, Quality Pacific Hotel,Hotel/Motel,,,,,,,10/8/2012,
3714, Four Seasons(australia) Hot,Hotel/Motel,,,,,,,10/8/2012,
3715, Fairfield Inn,Hotel/Motel,,,,,,,10/8/2012,
3716, Carlton Hotels,Hotel/Motel,,,,,,,10/8/2012,
3717, City Lodge Hotels,Hotel/Motel,,,,,,,10/8/2012,
3718, Karos Hotels,Hotel/Motel,,,,,,,10/8/2012,
3719, Protea Hotels,Hotel/Motel,,,,,,,10/8/2012,
3720, Southern Sun Hotels,Hotel/Motel,,,,,,,10/8/2012,
3721, Conrad Hotels,Hotel/Motel,,,,,,,10/8/2012,
3722, Wyndham,Hotel/Motel,,,,,,,10/8/2012,
3723, Rica Hotels,Hotel/Motel,,,,,,,10/8/2012,
3724, Inter Nor Hotels,Hotel/Motel,,,,,,,10/8/2012,
3725, Seapines Plantation,Hotel/Motel,,,,,,,10/8/2012,
3726, Rio Suites,Hotel/Motel,,,,,,,10/8/2012,
3727, Broadmoor Hotel,Hotel/Motel,,,,,,,10/8/2012,
3728, Bally's Hotel And Casino,Hotel/Motel,,,,,,,10/8/2012,
3729, John Ascuaga's Nugget,Hotel/Motel,,,,,,,10/8/2012,
3730, MGM Grand Hotel,Hotel/Motel,,,,,,,10/8/2012,
3731, Harrah's Hotels And Casinos,Hotel/Motel,,,,,,,10/8/2012,
3732, Opryland Hotel,Hotel/Motel,,,,,,,10/8/2012,
3733, Boca Raton Resort,Hotel/Motel,,,,,,,10/8/2012,
3734, Harvey Bristol Hotels,Hotel/Motel,,,,,,,10/8/2012,
3735, Masters Economy Inns,Hotel/Motel,,,,,,,10/8/2012,
3736, Colorado Belle Edgewater Re,Hotel/Motel,,,,,,,10/8/2012,
3737, Riviera Hotel And Casino,Hotel/Motel,,,,,,,10/8/2012,
3738, Tropicana Resort And Casino,Hotel/Motel,,,,,,,10/8/2012,
3739, Woodside Hotels And Resorts,Hotel/Motel,,,,,,,10/8/2012,
3740, Marriot/Town Place Suites,Hotel/Motel,,,,,,,10/8/2012,
3741, Millennium Hotels,Hotel/Motel,,,,,,,10/8/2012,
3742, Club Med,Hotel/Motel,,,,,,,10/8/2012,
3743, Biltmore Hotel And Suites,Hotel/Motel,,,,,,,10/8/2012,
3744, Carefree Resorts,Hotel/Motel,,,,,,,10/8/2012,
3745, St. Regis Hotel,Hotel/Motel,,,,,,,10/8/2012,
3746, Eliot Hotels,Hotel/Motel,,,,,,,10/8/2012,
3747, Club Corporate/Club Resorts,Hotel/Motel,,,,,,,10/8/2012,
3748, Wellesley Inss,Hotel/Motel,,,,,,,10/8/2012,
3749, The Beverly Hills Hotel,Hotel/Motel,,,,,,,10/8/2012,
3750, Crowne Plaza Hotels,Hotel/Motel,,,,,,,10/8/2012,
3751, Homewood Suites,Hotel/Motel,,,,,,,10/8/2012,
3752, Peabody Hotels,Hotel/Motel,,,,,,,10/8/2012,
3753, Greenbriar Resorts,Hotel/Motel,,,,,,,10/8/2012,
3754, Amelia Island Plantation,Hotel/Motel,,,,,,,10/8/2012,
3755, The Homestead,Hotel/Motel,,,,,,,10/8/2012,
3756, South Seas Resorts,Hotel/Motel,,,,,,,10/8/2012,
3757, Canyon Ranch,Hotel/Motel,,,,,,,10/8/2012,
3758, Kahala Mandarin Oriental Ho,Hotel/Motel,,,,,,,10/8/2012,
3759, The Orchid At Mauna Lani,Hotel/Motel,,,,,,,10/8/2012,
3760, Halekulani/Waikiki Parc,Hotel/Motel,,,,,,,10/8/2012,
3761, Primadonna Hotel And Casino,Hotel/Motel,,,,,,,10/8/2012,
3762, Whiskey Pete's Hotel Casino,Hotel/Motel,,,,,,,10/8/2012,
3763, Chateau Elan Winery Resort,Hotel/Motel,,,,,,,10/8/2012,
3764, Beau Rivage Hotel And Casin,Hotel/Motel,,,,,,,10/8/2012,
3765, Bellagio,Hotel/Motel,,,,,,,10/8/2012,
3766, Fremont Hotel And Casino,Hotel/Motel,,,,,,,10/8/2012,
3767, Main Street Hotel And Casin,Hotel/Motel,,,,,,,10/8/2012,
3768, Silver Star Hotel And Casin,Hotel/Motel,,,,,,,10/8/2012,
3769, Stratosphere Hotel Casino,Hotel/Motel,,,,,,,10/8/2012,
3770, SpringHill Suites,Hotel/Motel,,,,,,,10/8/2012,
3771, Caesars Hotel And Casino,Hotel/Motel,,,,,,,10/8/2012,
3772, Nemacolin Woodlands,Hotel/Motel,,,,,,,10/8/2012,
3773, Venetion Resort Hotel Casin,Hotel/Motel,,,,,,,10/8/2012,
3774, New York-New York Hotel Cas,Hotel/Motel,,,,,,,10/8/2012,
3775, Ocean Dunes Resort And Vill,Hotel/Motel,,,,,,,10/8/2012,
3776, Nevele Grande Resort And Co,Hotel/Motel,,,,,,,10/8/2012,
3777, Mandalay Bay Resort,Hotel/Motel,,,,,,,10/8/2012,
3778, Four Points Hotels,Hotel/Motel,,,,,,,10/8/2012,
3779, W Hotels,Hotel/Motel,,,,,,,10/8/2012,
3780, Disneyland Hotels,Hotel/Motel,,,,,,,10/8/2012,
3781, Patricia Grand Resort Hotel,Hotel/Motel,,,,,,,10/8/2012,
3782, Rosen Hotels & Resorts,Hotel/Motel,,,,,,,10/8/2012,
3783, Town And Country Resort,Hotel/Motel,,,,,,,10/8/2012,
3784, First Hospitality Hotels,Hotel/Motel,,,,,,,10/8/2012,
3785, Outrigger Hotels And Resort,Hotel/Motel,,,,,,,10/8/2012,
3786, Ohanna Hotels Of Hawaii,Hotel/Motel,,,,,,,10/8/2012,
3787, Caribe Royale Resort Suites,Hotel/Motel,,,,,,,10/8/2012,
3788, Ala Moana Hotel,Hotel/Motel,,,,,,,10/8/2012,
3789, Smugglers' Notch Resort,Hotel/Motel,,,,,,,10/8/2012,
3790, Raffles Hotels,Hotel/Motel,,,,,,,10/8/2012,
3791, Staybridge Suites,Hotel/Motel,,,,,,,10/8/2012,
3792, Claridge Casino Hotel,Hotel/Motel,,,,,,,10/8/2012,
3793, The Flamingo Hotels,Hotel/Motel,,,,,,,10/8/2012,
3794, Grand Casino Hotels,Hotel/Motel,,,,,,,10/8/2012,
3795, Paris Las Vegas Hotel,Hotel/Motel,,,,,,,10/8/2012,
3796, Peppermill Hotel Casino,Hotel/Motel,,,,,,,10/8/2012,
3797, Atlantic City Hilton,Hotel/Motel,,,,,,,10/8/2012,
3798, Embassy Vacation Resort,Hotel/Motel,,,,,,,10/8/2012,
3799, Hale Koa Hotel,Hotel/Motel,,,,,,,10/8/2012,
3800, HOMESTEAD SUITES,Hotel/Motel,,,,,,,10/8/2012,
3801,,Hotel/Motel,,,,,,,10/8/2012,
3802, THE PALACE HOTEL,Hotel/Motel,,,,,,,10/8/2012,
3803,,Hotel/Motel,,,,,,,10/8/2012,
3804,,Hotel/Motel,,,,,,,10/8/2012,
3805,,Hotel/Motel,,,,,,,10/8/2012,
3806,,Hotel/Motel,,,,,,,10/8/2012,
3807, ELEMENT,Hotel/Motel,,,,,,,10/8/2012,
3808, LXR,Hotel/Motel,,,,,,,10/8/2012,
3809,,Hotel/Motel,,,,,,,10/8/2012,
3810,,Hotel/Motel,,,,,,,10/8/2012,
3811, PREMIER TRAVEL INNS,Hotel/Motel,,,,,,,10/8/2012,
3812, HYATT PLACE,Hotel/Motel,,,,,,,10/8/2012,
3813, HOTEL INDIGO,Hotel/Motel,,,,,,,10/8/2012,
3814, THE ROOSEVELT HOTEL NY,Hotel/Motel,,,,,,,10/8/2012,
3815, NICKELODEON SUITES,Hotel/Motel,,,,,,,10/8/2012,
3817,,Hotel/Motel,,,,,,,10/8/2012,
3818, MAINSTAY SUITES,Hotel/Motel,,,,,,,10/8/2012,
3819,,Hotel/Motel,,,,,,,10/8/2012,
3819, OXFORD SUITES,Hotel/Motel,,,,,,,10/8/2012,
3820,,Hotel/Motel,,,,,,,10/8/2012,
3820, JUMEIRAH ESSEX HOUSE,Hotel/Motel,,,,,,,10/8/2012,
3821,,Hotel/Motel,,,,,,,10/8/2012,
3821, CARIBE ROYALE,Hotel/Motel,,,,,,,10/8/2012,
3822, CROSSLAND,Hotel/Motel,,,,,,,10/8/2012,
3823,,Hotel/Motel,,,,,,,10/8/2012,
3824,,Hotel/Motel,,,,,,,10/8/2012,
3825,,Hotel/Motel,,,,,,,10/8/2012,
3826,AUTOGRAPH,Hotel/Motel,,,,,,,10/8/2012,
3827,GALT HOUSE,Hotel/Motel,,,,,,,10/8/2012,
3828, COSMOPOLITAN OF LAS VEGAS,Hotel/Motel,,,,,,,10/8/2012,
4011, Railroads - Freight,Retail Purchase,,,,,,,10/8/2012,
4012,,Retail Purchase,,,,,,,10/8/2012,
4013,,Retail Purchase,,,,,,,10/8/2012,
4014,,Retail Purchase,,,,,,,10/8/2012,
4111, Local/Suburban Commuter Pas,Retail Purchase,P RATP ,,,,FRA,PARIS ,10/8/2012,
4112, Passenger RailwaysX,Transportation,RZD,РЖД,"37A 1, NOVAYA BASM",,RUS,MOSCOW ,10/8/2012,
4112, Passenger RailwaysX,Transportation,WWW.RZD.RU ,РЖД.РУ,"37A 1, NOVAYA BASM",,RUS,MOSCOW ,10/16/2012,
4112, Passenger RailwaysX,Transportation,WWW.PAY.AEROEXPRESS.R ,,"HIMKI, AER  ",,RUS,MOSCOW,10/16/2012,
4119, Ambulance Service,Retail Purchase,,,,,,,10/8/2012,
4121, Taxicabs/limousines,Retail Purchase,,,,,,,10/8/2012,
4131, Bus Lines,Retail Purchase,,,,,,,10/8/2012,
4132,,Retail Purchase,,,,,,,10/8/2012,
4133,,Retail Purchase,,,,,,,10/8/2012,
4214, Motor Freight Carriers,Retail Purchase,,,,,,,10/8/2012,
4215, Courier Services-air Or Gro,Retail Purchase,POLAR EXPRESS LLC,,,,,,10/8/2012,
4225, Public Warehousing,Retail Purchase,,,,,,,10/8/2012,
4411, Cruise Lines,Transportation,,,,,,,10/8/2012,
4457, Boat Rentals And Lease,Retail Purchase,,,,,,,10/8/2012,
4468," Marinas,marine Service/supp",Retail Purchase,,,,,,,10/8/2012,
4511," Airlines, Air Carriers",Transportation,S7 Airlines,ЭС СЭВЭН ЭЙРЛАЙНС,,,RUS,,10/8/2012,
4511," Airlines, Air Carriers",Transportation,VIETNAM AIRLINES,ВЬЕТНАМСКИЕ АВИАЛИНИИ,,,,,10/8/2012,
4511," Airlines, Air Carriers",Transportation,UTAIR  ,ЮТЭЙР,,,,,10/8/2012,
4511," Airlines, Air Carriers",Transportation,WWW.OSTROVOK.RU,ОСТРОВОК.РУ,,,RUS,MOSCOW ,10/16/2012,
4511," Airlines, Air Carriers",Transportation,IBE_S7 ,,FRUNZE ST. ,,RUS,NOVOSIBIRSK ,10/16/2012,
4511," Airlines, Air Carriers",Transportation,NABORTU.RU ,НАБОРТУ.РУ,,,RUS,MOSCOW ,10/16/2012,
4511," Airlines, Air Carriers",Transportation,WWW.ESTO ,,LENNUJAAMA 13 ,,EST,TALLINN ,10/16/2012,
4582," Airports,flying Fields",Retail Purchase,,,,,,,10/8/2012,
4722, Travel Agencies And Tour Op,Retail Purchase,TEMP TOUR GROUP AGENC ,ТЕМП ТУР ГРУПП,VARVARKA,,RUS,MOSCOW ,10/16/2012,
4783,,Retail Purchase,,,,,,,10/8/2012,
4784," Tolls,road And Bridge Fees",Retail Purchase,,,,,,,10/8/2012,
4785,,Retail Purchase,,,,,,,10/8/2012,
4786,,Retail Purchase,,,,,,,10/8/2012,
4789, Transportation Services,Retail Purchase,,,,,,,10/8/2012,
4811,,Retail Purchase,,,,,,,10/8/2012,
4812, Telephone Service/Equip....,Retail Purchase,BEELINE SOTOVAYA SVYAZ,БИЛАЙН,,,RUS,MOSCOW ,10/8/2012,
4812, Telephone Service/Equip....,Retail Purchase,SVYAZNOY ,СВЯЗНОЙ,,,RUS,MOSCOW ,10/8/2012,
4812, Telephone Service/Equip....,Retail Purchase,MTS,МТС,,,RUS,MOSCOW ,10/8/2012,
4812, Telephone Service/Equip....,Retail Purchase,INTELLECTMONEY ,ИНТЕЛЛЕКТМАНИ,LENINGRADSKIY PR,,RUS,MOSCOW ,10/16/2012,
4813, Key-Enter Telecom Merchant,Mail/Telephone/Preauth order,,,,,,,10/8/2012,
4814, Telecommunication Service,Mail/Telephone/Preauth order,SIPNET RU  SERVICE,СИПНЕТ,,,RUS,MOSCOW ,10/8/2012,
4814, Telecommunication Service,Mail/Telephone/Preauth order,WWW.GOODLINE.RU,ГУДЛАЙН,,,RUS,MOSCOW ,10/8/2012,
4814, Telecommunication Service,Mail/Telephone/Preauth order,WWW.MEGAFON.RU,МЕГАФОН,"VYATSKAYA,27-42",,RUS,MOSCOW ,10/8/2012,
4814, Telecommunication Service,Mail/Telephone/Preauth order,YANDEX.MONEY,ЯНДЕКС.ДЕНЬГИ,"16, LVA TOLSTOGO",,RUS,MOSCOW ,10/8/2012,
4814, Telecommunication Service,Mail/Telephone/Preauth order,WWW.MTS.RU,МТС,UL.MARKSISTSKAJA D4,,RUS,MOSCOW ,10/8/2012,
4814, Telecommunication Service,Mail/Telephone/Preauth order,W1.RU,,"10,PRESNENSKAYA",,RUS,MOSCOW ,10/16/2012,
4814, Telecommunication Service,Mail/Telephone/Preauth order,NOVOTELEKOM,НОВОТЕЛЕКОМ,UL.OKTJABRSK,,RUS, NOVOSIBIRSK,10/16/2012,
4814, Telecommunication Service,Mail/Telephone/Preauth order,ROSTELECOM,РОСТЕЛЕКОМ,"UL.GORKOGO, 53",,RUS, NOVOSIBIRSK,10/16/2012,
4815, Monthly Summary Telephone C,Retail Purchase,,,,,,,10/8/2012,
4816, Computer Network/Informatio,Retail Purchase,WWW.NETBYNET.RU,НЭТБАЙНЭТ,,,,,10/8/2012,
4816, Computer Network/Informatio,Retail Purchase,RBK MONEY,РБК МАНИ,,,RUS,MOSCOW ,10/8/2012,
4816, Computer Network/Informatio,Retail Purchase,YANDEX.MONEY.WALLET,ЯНДЕКС.ДЕНЬГИ – КОШЕЛЕК,,,RUS,MOSCOW ,10/8/2012,
4816, Computer Network/Informatio,Retail Purchase,PLATEZH.RU,ПЛАТЕЖ.РУ,"KANATCHIKOVIY PASS.,1",,RUS,MOSCOW ,10/16/2012,
4817,,Retail Purchase,,,,,,,10/8/2012,
4818,,Retail Purchase,,,,,,,10/8/2012,
4819,,Retail Purchase,,,,,,,10/8/2012,
4821, Telegraph Servoces Wire Tra,Retail Purchase,,,,,,,10/8/2012,
4829, Wire Transfer Money Orders,Unique,,,,,,,10/8/2012,
4899, Cable Services,Retail Purchase,TRICOLOR TV,ТРИКОЛОР ТВ,11 KORP.3 SELSKOKHOZ,,RUS,MOSCOW ,10/8/2012,
4900," Utilities-electric,gas,wate",Retail Purchase,MOSENERGOSBYT EL,МОСЭНЕРГОСБЫТ,VAVILOVA STR 9,,RUS,MOSCOW ,10/8/2012,
4900," Utilities-electric,gas,wate",Retail Purchase,MOS.GOSUSLUGI.RU,ПОРТАЛ ГОСУДАРСТВЕННЫХ УСЛУГ Г. МОСКВЫ,,,RUS,MOSCOW ,10/8/2012,
4900," Utilities-electric,gas,wate",Retail Purchase,"QIWI_JKU ( свет, вода, газ)","КИВИ ( свет, вода, газ)",125 18A VARSHAVSKOE SH,,RUS,MOSCOW ,10/8/2012,
4900," Utilities-electric,gas,wate",Retail Purchase,VYMPELKOM,ВЫМПЕЛКОМ,,,,,10/8/2012,
4900," Utilities-electric,gas,wate",Retail Purchase,NOVOSIBIRSKENERGO,НОВОСИБИРСКЭНЕРГО,UL.SVERDL,,RUS, NOVOSIBIRSK,10/16/2012,
4900," Utilities-electric,gas,wate",Retail Purchase,SIBECO,СИБИРСКАЯ ЭНЕРГЕТИЧЕСКАЯ КОМПАНИЯ,"UL.SVERDLOVA, 7",,RUS, NOVOSIBIRSK,10/16/2012,
4900," Utilities-electric,gas,wate",Retail Purchase,SIBIRENERGO,СИБИРЬЭНЕРГО,UL.ORDZHONIKIDZ,,RUS, NOVOSIBIRSK,10/16/2012,
5013, Motor Vehicle Parts/Supplie,Retail Purchase,,,,,,,10/8/2012,
5021, Office And Commercial Furni,Retail Purchase,,,,,,,10/8/2012,
5039, Constuction Materials N-Els,Retail Purchase,,,,,,,10/8/2012,
5044, Office/Photogr/Cpy/Microfil,Retail Purchase,,,,,,,10/8/2012,
5045, Computers/Peripheral/Softwr,Retail Purchase,,,,,,,10/8/2012,
5046, Commercial Equipment N-Else,Retail Purchase,,,,,,,10/8/2012,
5047, Lab/Medic/Dental/Opth/Equip,Retail Purchase,,,,,,,10/8/2012,
5051, Metal Service Centres/Offic,Retail Purchase,,,,,,,10/8/2012,
5065, Electric Parts/Equipment,Retail Purchase,,,,,,,10/8/2012,
5072, Hardware Equipment/Supplies,Retail Purchase,,,,,,,10/8/2012,
5074, Plumbing/Heating Equipment,Retail Purchase,,,,,,,10/8/2012,
5085, Industrial Supplies N-Else,Retail Purchase,,,,,,,10/8/2012,
5094, Precious Stones/Metals/Jewe,Jewelry,,,,,,,10/8/2012,
5099, Durable Goods N-elsewhere,Retail Purchase,,,,,,,10/8/2012,
5111, Stationery/Off-Supp/Printin,Retail Purchase,,,,,,,10/8/2012,
5122, Drugs/Drug Propriat/Sundrie,Retail Purchase,,,,,,,10/8/2012,
5131, Piece Goods/Nations Dry Goo,Retail Purchase,,,,,,,10/8/2012,
5137, Men/Women/Child Uniforms/Co,Retail Purchase,,,,,,,10/8/2012,
5139, Commercial Footwear,Retail Purchase,,,,,,,10/8/2012,
5169, Chemicals/Allied Prod N-Els,Retail Purchase,,,,,,,10/8/2012,
5172, Petroleum/Petrol Products,Retail Purchase,,,,,,,10/8/2012,
5192, Books/Periodicals/Newspaper,Retail Purchase,,,,,,,10/8/2012,
5193, Florist/Nursery Stock/Flowe,Retail Purchase,,,,,,,10/8/2012,
5198, Paints/Varnishes Supplies,Retail Purchase,,,,,,,10/8/2012,
5199, Nondurable Goods N-Else,Retail Purchase,,,,,,,10/8/2012,
5200," Home Supply,Warehouse Store",Retail Purchase,PENTAGON LTD,,PERVOMAYSKAYA STR,,RUS,MOSCOW,10/8/2012,
5200," Home Supply,Warehouse Store",Retail Purchase,KAPEL 1,,,,RUS,PERVOURALSK,4/11/2013,ID терминала 164137
5211, Lumber And Building Materia,Retail Purchase,STD PETROVICH,СТД ПЕТРОВИЧ,,,,,10/8/2012,
5211, Lumber And Building Materia,Retail Purchase,MAKSIDOM,,"LENINSKIY, ST",,RUS,PETERSBURG,,
5231," Glass,paint,wallpaper Store",Retail Purchase,,,,,,,10/8/2012,
5251, Hardware Stores,Retail Purchase,OLDI 3,ОЛДИ,,,,,10/8/2012,
5261," Nurseries,lawn & Garden",Retail Purchase,OBI,ОБИ,,,RUS,MOSCOW,10/8/2012,
5261," Nurseries,lawn & Garden",Retail Purchase,LEROY MERLIN,ЛЕРУА МЕРЛЕН,,,RUS,MOSCOW,,
5271, Mobile Home Dealers,Retail Purchase,,,,,,,10/8/2012,
5300, Wholesale Clubs,Retail Purchase,METRO STORE 1067,МЕТРО КЭШ ЭНД КЕРРИ,,,RUS,,10/8/2012,
5309, Duty Free Stores,Retail Purchase,,,,,,,10/8/2012,
5310, Discount stores,Retail Purchase,WAL-MART,ВОЛ-МАРТ,,,RUS,,10/8/2012,
5311, Department stores,Variety/Groc/Food Stores,MOTHERCARE SHOP,МАЗЕКЕЯ,ENTUZIASTOV HW 1 ,,RUS,MOSCOW,10/8/2012,
5311, Department stores,Variety/Groc/Food Stores,TC GIGANT,ТЦ ГИГАНТ,8 ENERGETIKOV PAS,,RUS, NOVOSIBIRSK,10/16/2012,
5311, Department stores,Variety/Groc/Food Stores,TOVARY DLYA DOMA,ТОВАРЫ ДЛЯ ДОМА,19A TOLMAC,,RUS, NOVOSIBIRSK,10/16/2012,
5312,,Retail Purchase,,,,,,,10/8/2012,
5313,,Retail Purchase,,,,,,,10/8/2012,
5314,,Retail Purchase,,,,,,,10/8/2012,
5331, Variety Stores,Variety/Groc/Food Stores,,,,,,,10/8/2012,
5333,,Retail Purchase,,,,,,,10/8/2012,
5335,,Retail Purchase,,,,,,,10/8/2012,
5338,,Retail Purchase,,,,,,,10/8/2012,
5350,,Retail Purchase,,,,,,,10/8/2012,
5399, Miscellaneous General Merch,Retail Purchase,GOOGLE,ГУГЛ,,,,,10/8/2012,
5399, Miscellaneous General Merch,Retail Purchase,SIBTREVEL,СИБТРЕВЕЛ,VOENNAYA STR,,RUS, NOVOSIBIRSK,10/16/2012,
5399, Miscellaneous General Merch,Retail Purchase,WWW.KUPIKUPON.RU,КУПИКУПОН.РУ,PAVLOVSKAYA ST.,,RUS,MOSCOW,10/16/2012,
5399, Miscellaneous General Merch,Retail Purchase,WWW.SPORTALL.RU,,,,RUS,MOSCOW,10/16/2012,
5411," Grocery Stores,supermarkets",Variety/Groc/Food Stores,MINI-MARKET STOLICHNII,МИНИМАРКЕТ СТОЛИЧНЫЙ,,,RUS,MOSCOW,10/8/2012,
5411," Grocery Stores,supermarkets",Variety/Groc/Food Stores,DIKSI,ДИКСИ,,,RUS,MOSCOW,10/8/2012,
5411," Grocery Stores,supermarkets",Variety/Groc/Food Stores,ASSORTI ZHELANIY,АССОРТИ ЖЕЛАНИЙ,,,RUS,MOSCOW,10/8/2012,
5411," Grocery Stores,supermarkets",Variety/Groc/Food Stores,PEREKRESTOK,ПЕРЕКРЕСТОК,,,RUS,MOSCOW,10/8/2012,
5411," Grocery Stores,supermarkets",Variety/Groc/Food Stores,MATRITSA,МАТРИЦА,,,RUS,MOSCOW,10/8/2012,
5411," Grocery Stores,supermarkets",Variety/Groc/Food Stores,BIOP-ROGOZHSKIY VAL,БИОП-РОГОЖСКИЙ ВАЛ,,,RUS,MOSCOW,10/8/2012,
5411," Grocery Stores,supermarkets",Variety/Groc/Food Stores,UNIVERSAM ZVEZDNY,УНИВЕРСАМ ЗВЕЗДНЫЙ,,,RUS,MOSCOW,10/8/2012,
5411," Grocery Stores,supermarkets",Variety/Groc/Food Stores,DK LAVROVA  SHOP,ДК ЛАВРОВА ШОП,,,RUS,MOSCOW,10/8/2012,
5411," Grocery Stores,supermarkets",Variety/Groc/Food Stores,MONETKA,МОНЕТКА (торговая сеть гипермаркетов),,,RUS,MOSCOW,10/8/2012,
5411," Grocery Stores,supermarkets",Variety/Groc/Food Stores,LYUBIMETS FORTUNY,ЛЮБИМЕЦ ФОРТУНЫ,,,RUS,MOSCOW,10/8/2012,
5411," Grocery Stores,supermarkets",Variety/Groc/Food Stores,YA LYUBIMYY,Я ЛЮБИМЫЙ (сеть супермаркетов),,,RUS,MOSCOW,10/8/2012,
5411," Grocery Stores,supermarkets",Variety/Groc/Food Stores,BYSTRONOM,БЫСТРОНОМ,,,RUS,MOSCOW,10/8/2012,
5411," Grocery Stores,supermarkets",Variety/Groc/Food Stores,LENTA ,ЛЕНТА,,,RUS,MOSCOW,10/8/2012,
5411," Grocery Stores,supermarkets",Variety/Groc/Food Stores,BAHETLE,БАХЕТЛЕ,,,RUS,MOSCOW,10/8/2012,
5411," Grocery Stores,supermarkets",Variety/Groc/Food Stores,BAHETLE,БАХЕТЛЕ,UL KIROVA 25,,RUS,NOVOSIBIRSK,10/16/2012,
5411," Grocery Stores,supermarkets",Variety/Groc/Food Stores,OKEY,ОКЕЙ,,,RUS,MOSCOW,10/8/2012,
5411," Grocery Stores,supermarkets",Variety/Groc/Food Stores,MAGNIT ,МАГНИТ,,,RUS,MOSCOW,10/8/2012,
5411," Grocery Stores,supermarkets",Variety/Groc/Food Stores,GURMAN,ГУРМАН,,,RUS,MOSCOW,10/8/2012,
5411," Grocery Stores,supermarkets",Variety/Groc/Food Stores,SUPERMAN,СУПЕРМЕН,,,RUS,MOSCOW,10/8/2012,
5411," Grocery Stores,supermarkets",Variety/Groc/Food Stores,OKEAN,ОКЕАН,,,RUS,MOSCOW,10/8/2012,
5411," Grocery Stores,supermarkets",Variety/Groc/Food Stores,SUPERMARKET FRESH,СУПЕРМАРКЕТ ФРЕШ,,,RUS,MOSCOW,10/8/2012,
5411," Grocery Stores,supermarkets",Variety/Groc/Food Stores,ALYE PARUSA,АЛЫЕ ПАРУСА,,,RUS,MOSCOW,10/8/2012,
5411," Grocery Stores,supermarkets",Variety/Groc/Food Stores,AUCHAN,АШАН,LEFORTOVO,,RUS,MOSCOW,10/8/2012,
5411," Grocery Stores,supermarkets",Variety/Groc/Food Stores,AUCHAN,АШАН,NOVOSIBIRSK ,,RUS,NOVOSIBIRSK,10/8/2012,
5411," Grocery Stores,supermarkets",Variety/Groc/Food Stores,AUCHAN,АШАН,SOKOLNIKI ,,RUS,MOSCOW,10/8/2012,
5411," Grocery Stores,supermarkets",Variety/Groc/Food Stores,AUCHAN BELAYA DACHA,АШАН,KOTELNIKI,,RUS,MOSCOW,4/11/2013,
5411," Grocery Stores,supermarkets",Variety/Groc/Food Stores,BILLA,БИЛЛА,2 PROKATNAYA ST,,RUS,MOSCOW,10/8/2012,
5411," Grocery Stores,supermarkets",Variety/Groc/Food Stores,Supermarkets PERVOUR,,8 LENINA,,RUS,EKATERINBURG,4/11/2013,ID терминала 00184014
5422, Freezer And Locker Meat Pro,Retail Purchase,,,,,,,10/8/2012,
5441," Candy,nut,confectionary Sto",Retail Purchase,,,,,,,10/8/2012,
5451, Dairy Products Stores,Retail Purchase,,,,,,,10/8/2012,
5462, Bakeries,Retail Purchase,,,,,,,10/8/2012,
5499, Miscellaneous Food Stores,Variety/Groc/Food Stores,MYASNOV,МЯСНОВ,,,RUS,MOSCOW,10/8/2012,
5499, Miscellaneous Food Stores,Variety/Groc/Food Stores,MAGNOLIYA,МАГНОЛИЯ,,,RUS,MOSCOW,10/8/2012,
5499, Miscellaneous Food Stores,Variety/Groc/Food Stores,UNIVERSAM AVOSKA,АВОСЬКА,,,RUS,MOSCOW,10/8/2012,
5499, Miscellaneous Food Stores,Variety/Groc/Food Stores,IKEA ,ИКЕА,,,RUS,MOSCOW,10/8/2012,
5499, Miscellaneous Food Stores,Variety/Groc/Food Stores,PYATEROCHKA,ПЯТЕРОЧКА,,,RUS,MOSCOW,10/8/2012,
5499, Miscellaneous Food Stores,Variety/Groc/Food Stores,STANEM DRUZYAMI,СТАНЕМ ДРУЗЬЯМИ,1 SEMENOVSKAYA S,,RUS,MOSCOW,10/16/2012,
5511, Automobile & Truck Dealers,Retail Purchase,KSD MOTORS,,"5,1,AMURSKAYA",,RUS,MOSCOW,10/8/2012,
5521, Automobile & Truck Dealers,Retail Purchase,,,,,,,10/8/2012,
5531, Auto & Home Supply Stores,Retail Purchase,,,,,,,10/8/2012,
5532, Automotive Tire Stores,Retail Purchase,,,,,,,10/8/2012,
5533," Automotive Parts,acces. Sto",Retail Purchase,AUTODOC.RU,АВТОДОК,,,,,10/8/2012,
5533," Automotive Parts,acces. Sto",Retail Purchase,AVTOTEKHTSENTR,АВТОТЕХЦЕНТР,10 GOLOVINSKOE SH,,RUS,MOSCOW,10/16/2012,
5541, Service Stations,Retail Purchase,TATNEFT,ТАТНЕФТЬ,,,RUS,MOSCOW,10/8/2012,
5541, Service Stations,Retail Purchase,SHELL NEFT ,ШЕЛЛ НЕФТЬ,,,RUS,MOSCOW,10/8/2012,
5541, Service Stations,Retail Purchase,BP,БИПИ,,,RUS,MOSCOW,10/8/2012,
5541, Service Stations,Retail Purchase,LUKOYL 14  AZS ,,,,RUS,NOVOSIBIRSK,10/16/2012,
5541, Service Stations,Retail Purchase,LUKOYL  80  AZS ,,,,RUS,NOVOSIBIRSK,10/16/2012,
5542, Automated Fuel Dispenser,Retail Purchase,,,,,,,10/8/2012,
5543,,Retail Purchase,,,,,,,10/8/2012,
5544,,Retail Purchase,,,,,,,10/8/2012,
5551, Boat Dealers,Retail Purchase,,,,,,,10/8/2012,
5561, Recreational And Utility,Retail Purchase,,,,,,,10/8/2012,
5571, Motorcycle Shops And Dealer,Retail Purchase,,,,,,,10/8/2012,
5592, Motor Home Dealers,Retail Purchase,,,,,,,10/8/2012,
5598, Snowmobile Dealers,Retail Purchase,,,,,,,10/8/2012,
5599, Miscellaneous Automotive De,Retail Purchase,,,,,,,10/8/2012,
5611, Men's And Boys' Clothing,Retail Purchase,,,,,,,10/8/2012,
5621, Women's Ready-to-wear Store,Retail Purchase,MILAVITSA,МИЛАВИЦА,7 KARLA MARKSA PR,,RUS,NOVOSIBIRSK,10/8/2012,
5621, Women's Ready-to-wear Store,Retail Purchase,EL PUNTO,,,,RUS,MOSCOW,10/16/2012,
5631, Women's Accessory And Speci,Retail Purchase,,,,,,,10/8/2012,
5641, Children's And Infant's Wea,Retail Purchase,KARUSEL,КАРУСЕЛЬ,,,,,10/8/2012,
5641, Children's And Infant's Wea,Retail Purchase,DOCHKI SINOCHKI,ДОЧКИ СЫНОЧКИ,NOVOGIREEVSKAYA,,RUS,MOSCOW,10/16/2012,
5641, Children's And Infant's Wea,Retail Purchase,NEPOSEDA-SITI,НЕПОСЕДА-СИТИ,107 VATUTINA,,RUS,NOVOSIBIRSK,10/16/2012,
5641, Children's And Infant's Wea,Retail Purchase,EZHIK,,,,RUS,PERVOURALSK,4/11/2013,ID терминала 289917
5651, Family Clothing Stores,Retail Purchase,COLINS,КОЛИНЗ,YUNAYTED 7 ST,,RUS,PETERSBURG,10/8/2012,
5651, Family Clothing Stores,Retail Purchase,GLORIA JEANS,ГЛОРИЯ ДЖИНС,,,RUS,NOVOSIBIRSK,10/16/2012,
5651, Family Clothing Stores,Retail Purchase,KOROLEVA-MEGA,КОРОЛЕВА-МЕГА,,,RUS,NOVOSIBIRSK,10/16/2012,
5651, Family Clothing Stores,Retail Purchase,LACOSTE,ЛАКОСТ,,,RUS,PETERSBURG,10/16/2012,
5651, Family Clothing Stores,Retail Purchase,ANGELO SAVALLINI,,,,RUS,MOSCOW,10/16/2012,
5651, Family Clothing Stores,Retail Purchase,TERVOLINA,ТЕРВОЛИНА,2 VLADIMIR ,,RUS,MOSCOW,10/16/2012,
5651, Family Clothing Stores,Retail Purchase,THOMAS MUNZ,,"KARLA MARKSA, 3 ",,RUS,NOVOSIBIRSK,10/16/2012,
5655," Sports Apparel,riding App.s",Retail Purchase,ADIDAS,АДИДАС,,,,,10/8/2012,
5661, Shoe stores,Retail Purchase,,,,,,,10/8/2012,
5662,,Retail Purchase,,,,,,,10/8/2012,
5663,,Retail Purchase,,,,,,,10/8/2012,
5681, Furriers And Fur Shops,Retail Purchase,,,,,,,10/8/2012,
5691, Men's And Ladies's Clothing,Retail Purchase,FINN FLARE,,107 VATUTINA ST ,,RUS,NOVOSIBIRSK,10/8/2012,
5691, Men's And Ladies's Clothing,Retail Purchase,ELEGANT,,107 VATUTINA ST ,,RUS,NOVOSIBIRSK,10/16/2012,
5691, Men's And Ladies's Clothing,Retail Purchase,VESHCH,,107 VATUTINA ST ,,RUS,NOVOSIBIRSK,10/16/2012,
5691, Men's And Ladies's Clothing,Retail Purchase,BAON,,2 KIEVSKOGO VKZ,,RUS,MOSCOW,10/16/2012,
5691, Men's And Ladies's Clothing,Retail Purchase,BERSHKA,БЕРШКА,16 UL. VOENNAYA,,RUS,NOVOSIBIRSK,10/16/2012,
5691, Men's And Ladies's Clothing,Retail Purchase,CARLO PAZOLINI,КАРЛО ПАЗОЛИНИ,6 AVTOZAVODSKOYE,,RUS,TOLYAT,10/16/2012,
5691, Men's And Ladies's Clothing,Retail Purchase,CKJ,,"PL.KIYEVSKOGO VOKZALA,VL.2",,RUS,MOSCOW,10/16/2012,
5691, Men's And Ladies's Clothing,Retail Purchase,GLORIA JEANS,ГЛОРИЯ ДЖИНС,71A IZMAYLOVSKOE SH,,RUS,MOSCOW,10/16/2012,
5691, Men's And Ladies's Clothing,Retail Purchase,INCITY,,3 VOENNAYA STR,,RUS,NOVOSIBIRSK,10/16/2012,
5691, Men's And Ladies's Clothing,Retail Purchase,KLASSIK SPORT,,,,RUS,NOVOSIBIRSK,10/16/2012,
5691, Men's And Ladies's Clothing,Retail Purchase,MOHITO TROYKA,,,,RUS,MOSCOW,10/16/2012,
5691, Men's And Ladies's Clothing,Retail Purchase,NOVIY VZGLAYD,НОВЫЙ ВЗГЛЯД,UL.VOENNA,,RUS,NOVOSIBIRSK,10/16/2012,
5691, Men's And Ladies's Clothing,Retail Purchase,OSTIN,ОСТИН,TTS MEGA 107 VATUTINA,,RUS,NOVOSIBIRSK,10/16/2012,
5691, Men's And Ladies's Clothing,Retail Purchase,SAVAGE,САВАЖ,107 VATUTINA STR,,RUS,NOVOSIBIRSK,10/16/2012,
5691, Men's And Ladies's Clothing,Retail Purchase,WESTLAND,,SH. ENTUZIASTOV ,,RUS,MOSCOW,10/16/2012,
5691, Men's And Ladies's Clothing,Retail Purchase,YNG,,1 SEMENOVSKAYA,,RUS,MOSCOW,10/16/2012,
5697," Tailors,seamstress,mending",Retail Purchase,,,,,,,10/8/2012,
5698, Wig & Toupee Shops,Retail Purchase,,,,,,,10/8/2012,
5699, Miscellaneous Apparel & Acc,Retail Purchase,PO KARMANU,ПО КАРМАНУ,STANISLAVSKOGO,,RUS,NOVOSIBIRSK,10/8/2012,
5712," Furniture,home Furnishings",Retail Purchase,TD LAZURIT,ТД ЛАЗУРИТ,,,RUS,MOSCOW,10/8/2012,
5713," Floor Covering,rugs,and Car",Retail Purchase,,,,,,,10/8/2012,
5714, Drapery & Upholstery Stores,Retail Purchase,,,,,,,10/8/2012,
5718," Fireplace,fireplace Screens",Retail Purchase,,,,,,,10/8/2012,
5719, Miscellaneous House Furnish,Retail Purchase,,,,,,,10/8/2012,
5722, Household Appliance Stores,Retail Purchase,M.VIDEO ,М.ВИДЕО,,,RUS,MOSCOW,10/8/2012,
5722, Household Appliance Stores,Retail Purchase,M.VIDEO INTERNET-MAGAZ,М.ВИДЕО (интернет-магазин),,,RUS,MOSCOW,10/8/2012,
5722, Household Appliance Stores,Retail Purchase,220 VOLT,220 ВОЛЬТ,19A TOLMACHEVSK,,RUS,NOVOSIBIRSK,10/16/2012,
5722, Household Appliance Stores,Retail Purchase,ELDORADO,ЭЛЬДОРАДО,3 K MARKSA ST ,,RUS,NOVOSIBIRSK,10/16/2012,
5722, Household Appliance Stores,Retail Purchase,ELDORADO,ЭЛЬДОРАДО,UL.POBEDY 78,,RUS,TOGLIATTI,10/16/2012,
5722, Household Appliance Stores,Retail Purchase,MEDTEKHNIKA DLYA DOMA,МЕДТЕХНИКА ДЛЯ ДОМА,,,RUS,NOVOSIBIRSK,10/16/2012,
5722, Household Appliance Stores,Retail Purchase,TEHNIKA V KUBE,ТЕХНИКА В КУБЕ,,,RUS,MOSCOW,10/16/2012,
5732, Electronic Sales,Retail Purchase,OZON.RU,ОЗОН.РУ,"BRUBELYA,12",,RUS,MOSCOW,10/16/2012,
5732, Electronic Sales,Retail Purchase,CITILINK,СИТИЛИНК,,,RUS,MOSCOW,10/8/2012,
5732, Electronic Sales,Retail Purchase,YULMART,ЮЛМАРТ,,,RUS,MOSCOW,10/8/2012,
5733, Music Stores-musical Instru,Retail Purchase,,,,,,,10/8/2012,
5734, Computer Software Stores,Retail Purchase,APPLE ITUNES,ЭПЛ АЙТЮНС,,,RUS,,10/8/2012,
5734, Computer Software Stores,Retail Purchase,DNS,,"KARLA MARKSA PR-T, 57",,RUS,NOVOSIBIRSK,10/16/2012,
5734, Computer Software Stores,Retail Purchase,DNS,,"VATUTINA, 31",,RUS,NOVOSIBIRSK,10/16/2012,
5734, Computer Software Stores,Retail Purchase,1C-ONLINE SHOP,,SELEZNYOVSKAYA,,RUS,MOSCOW,10/16/2012,
5735, Record Shops,Retail Purchase,,,,,,,10/8/2012,
5811, Caterers,Retail Purchase,,,,,,,10/8/2012,
5812," Eating Places,Restaurants",Restaurant,LAUNDZH KAFE TOKIO,ЛАУНЖ КАФЕ ТОКИО,,,RUS,MOSCOW,10/8/2012,
5812," Eating Places,Restaurants",Restaurant,ZOLOTAYA VOBLA,ЗОЛОТАЯ ВОБЛА,,,RUS,MOSCOW,10/8/2012,
5812," Eating Places,Restaurants",Restaurant,AMERICAN FAMOUS FO,АМЕРИКАН ФЭЙМОС,,,RUS,MOSCOW,10/8/2012,
5812," Eating Places,Restaurants",Restaurant,PAPA JOHNS,ПАПА ДЖОНС (сеть пиццерий),,,RUS,MOSCOW,10/8/2012,
5812," Eating Places,Restaurants",Restaurant,KOFEYNYA GLAZUR,КОФЕЙНЯ ГЛАЗУРЬ,,,RUS,MOSCOW,10/8/2012,
5812," Eating Places,Restaurants",Restaurant,CAFE LEPESHKA,КАФЕ ЛЕПЕШКА,,,RUS,MOSCOW,10/8/2012,
5812," Eating Places,Restaurants",Restaurant,JAGGERCLUB,ДЖАГЕРКЛУБ,,,RUS,MOSCOW,10/8/2012,
5812," Eating Places,Restaurants",Restaurant,ALTMULLERHAUS,АЛЬТМЮЛЛЕРХАУС,,,RUS,MOSCOW,10/8/2012,
5812," Eating Places,Restaurants",Restaurant,SHERBET RESTAURANT,РЕСТОРАН ШЕРБЕТ,,,RUS,MOSCOW,10/8/2012,
5812," Eating Places,Restaurants",Restaurant,TANUKI,ТАНУКИ,50-52 SHCHERBAKOVSKAYA ST,,RUS,MOSCOW,10/18/2012,
5812," Eating Places,Restaurants",Restaurant,BABA MARTA,,GOGOLEVSKIY BLVD,,RUS,MOSCOW,10/16/2012,
5812," Eating Places,Restaurants",Restaurant,BISKOTTI ,,MAROSEYKA STR,,RUS,MOSCOW,10/16/2012,
5812," Eating Places,Restaurants",Restaurant,CAFE YASMIN,КАФЕ ЖАСМИН,BUTYRSKIY VAL,,RUS,MOSCOW,10/16/2012,
5812," Eating Places,Restaurants",Restaurant,DENIS DAVYDOV,ДЕНИС ДАВЫДОВ,50 B SEMENOVSKAYA,,RUS,MOSCOW,10/16/2012,
5812," Eating Places,Restaurants",Restaurant,GAMBRINUS,ГАМБРИНУС,SERGIYA RADONEZHSKOGO ,,RUS,MOSCOW,10/16/2012,
5812," Eating Places,Restaurants",Restaurant,YAKITORIYA,ЯКИТОРИЯ,SEMENOVS,,RUS,MOSCOW,10/18/2012,
5813," Drinking Places - Bars,Tave",Restaurant,BAR SPB M 07,БАР СПБ М 07,,,RUS,MOSCOW,10/8/2012,
5813," Drinking Places - Bars,Tave",Restaurant,CAFE-BAR CUBA LIBRE,КАФЕ-БАР КУБА ЛИБРЕ,,,RUS,MOSCOW,10/8/2012,
5814, Fast Food Res.,Restaurant,MCDONALDS ,МАКДОНАЛДС,,,RUS,MOSCOW,10/8/2012,
5814, Fast Food Res.,Restaurant,SHALE  RESTAURANT,РЕСТОРАН ШАЛЕ,,,RUS,MOSCOW,10/8/2012,
5814, Fast Food Res.,Restaurant,SUSHI MAC,СУШИ МАК,,,RUS,MOSCOW,10/8/2012,
5814, Fast Food Res.,Restaurant,KFC,КФС,,,RUS,MOSCOW,10/8/2012,
5814, Fast Food Res.,Restaurant,BILINGUA  RESTAURANT,РЕСТОРАН БИЛИНГВА,,,RUS,MOSCOW,10/8/2012,
5814, Fast Food Res.,Restaurant,LAMANTIN  BISTRO,ЛАМАНТИН  БИСТРО,,,RUS,MOSCOW,10/8/2012,
5814, Fast Food Res.,Restaurant,GRABLY,ГРАБЛИ,SEMENOVSKAYA,,RUS,MOSCOW,10/18/2012,
5814, Fast Food Res.,Restaurant,IRLANDSKIY PAB,ИРЛАНДСКИЙ ПАБ,SLAVY AVE.,,RUS,PETERSBURG,10/18/2012,
5911,,Retail Purchase,APTEKA  1,АПТЕКА 1,,,RUS,MOSCOW,10/8/2012,
5912," Drug Stores,pharmacies",Retail Purchase,APTEKA 1 18,АПТЕКА  1 18,,,RUS,MOSCOW,10/8/2012,
5912," Drug Stores,pharmacies",Retail Purchase,NPM APTEKA 12,НПМ АПТЕКА 12,,,RUS,MOSCOW,10/8/2012,
5912," Drug Stores,pharmacies",Retail Purchase,KHELMI,ХЕЛМИ,,,RUS,MOSCOW,10/8/2012,
5912," Drug Stores,pharmacies",Retail Purchase,APTEKA 31,АПТЕКА 31,,,RUS,MOSCOW,10/8/2012,
5912," Drug Stores,pharmacies",Retail Purchase,ZDOROVYE LYUDI,ЗДОРОВЫЕ ЛЮДИ,,,RUS,MOSCOW,10/8/2012,
5912," Drug Stores,pharmacies",Retail Purchase,APTECHKA N908,,PR SVOBODN,,RUS,MOSCOW,10/18/2012,
5912," Drug Stores,pharmacies",Retail Purchase,APTEKA N132,АПТЕКА № 132,MOLOSTOVYKH ST. 9G,,RUS,MOSCOW,10/18/2012,
5912," Drug Stores,pharmacies",Retail Purchase,APTEKA N28,АПТЕКА № 28,,,RUS,MOSCOW,10/18/2012,
5912," Drug Stores,pharmacies",Retail Purchase,APTEKA N94,АПТЕКА № 94,,,RUS,MOSCOW,10/18/2012,
5912," Drug Stores,pharmacies",Retail Purchase,APTEKAMELODIYAZDOROVYA,,,,RUS,NOVOSIBIRSK,10/18/2012,
5912," Drug Stores,pharmacies",Retail Purchase,DR STOLETOV,,,,RUS,MOSCOW,10/18/2012,
5912," Drug Stores,pharmacies",Retail Purchase,STOLICHNYI DOCTOR,,UL. KIROV,,RUS,NOVOSIBIRSK,10/18/2012,
5913,,Retail Purchase,,,,,,,10/8/2012,
5921," Package Stores - Beer, Liqu",Retail Purchase,OTDOKHNI-77,ОТДОХНИ-77,,,RUS,MOSCOW,10/8/2012,
5921," Package Stores - Beer, Liqu",Retail Purchase,PIVNAYA LAVKA,ПИВНАЯ ЛАВКА,,,RUS,MOSCOW,10/8/2012,
5921," Package Stores - Beer, Liqu",Retail Purchase,AROMATNYI MIR  ,,,,RUS,MOSCOW,10/18/2012,
5921," Package Stores - Beer, Liqu",Retail Purchase,KRASNOE&BELOE,,,,RUS,PERVOURALSK,4/11/2012,ID терминала 200602
5931, Used Merchandise Stores,Retail Purchase,,,,,,,10/8/2012,
5932," Antique Shops-Sales, Repair",Retail Purchase,,,,,,,10/8/2012,
5933, Pawn Shops,Retail Purchase,,,,,,,10/8/2012,
5935, Wrecking & Salvage Yards,Retail Purchase,,,,,,,10/8/2012,
5936,,Retail Purchase,,,,,,,10/8/2012,
5937, Antique Reproduction Stores,Retail Purchase,,,,,,,10/8/2012,
5939,,Retail Purchase,,,,,,,10/8/2012,
5940, Bicycle Shops-sales & Servi,Retail Purchase,,,,,,,10/8/2012,
5941, Sporting Goods Stores,Retail Purchase,SPORTMASTER,СПОРТМАСТЕР,,,RUS,MOSCOW,10/8/2012,
5941, Sporting Goods Stores,Retail Purchase,EXPEDITION SHOP,,VATUTINA ST ,,RUS,NOVOSIBIRSK,10/18/2012,
5941, Sporting Goods Stores,Retail Purchase,SPORTMASTER SHOP,СПОРТМАСТЕР,,,RUS,PETERSBURG,10/18/2012,
5942, Book Stores,Retail Purchase,AMAZON,АМАЗОН,,,RUS,MOSCOW,10/8/2012,
5942, Book Stores,Retail Purchase,DOM KNIGI NA PREOBRAZH,,PREOBRAZH,,RUS,MOSCOW,10/18/2012,
5942, Book Stores,Retail Purchase,OZON.RU,,NAMETKINA STR 10 BLD ,,RUS,MOSCOW,10/18/2012,
5942, Book Stores,Retail Purchase,ONELYA-BOOKS.RU,,21 STR.1 NOVIY A,,RUS,MOSCOW,10/18/2012,
5943," Stationery,office,and Schoo",Retail Purchase,,,,,,,10/8/2012,
5944, Jewelry Stores - Watches,Jewelry,,,,,,,10/8/2012,
5945," Hobby,toy,and Game Shops",Retail Purchase,DETSKIY MIR,ДЕТСКИЙ МИР,,,RUS,MOSCOW,10/8/2012,
5945," Hobby,toy,and Game Shops",Retail Purchase,SMIK ,СМИК,,,RUS,MOSCOW,10/8/2012,
5946, Camera And Photographic Sup,Retail Purchase,,,,,,,10/8/2012,
5947," Gift,card,novelty And Souve",Retail Purchase,,,,,,,10/8/2012,
5948, Luggage And Leather Goods S,Retail Purchase,,,,,,,10/8/2012,
5949," Sewing,needlework,fabric",Retail Purchase,IGOLOCHKA,ИГОЛОЧКА,11 - YA PARKOVAYA STR.,,RUS,MOSCOW,10/8/2012,
5950, Glassware And Crystal Store,Retail Purchase,,,,,,,10/8/2012,
5951,,Retail Purchase,,,,,,,10/8/2012,
5952,,Retail Purchase,,,,,,,10/8/2012,
5953,,Retail Purchase,,,,,,,10/8/2012,
5955,,Retail Purchase,,,,,,,10/8/2012,
5956,,Retail Purchase,,,,,,,10/8/2012,
5957,,Retail Purchase,,,,,,,10/8/2012,
5958,,Retail Purchase,,,,,,,10/8/2012,
5959,,Retail Purchase,,,,,,,10/8/2012,
5960, Direct Marketing-Insurance ,Mail/Telephone/Preauth order,,,,,,,10/8/2012,
5961,,Retail Purchase,,,,,,,10/8/2012,
5962, Direct Marketing-Travel Rel,Mail/Telephone/Preauth order,,,,,,,10/8/2012,
5963, Door-to-Door Sales,Retail Purchase,,,,,,,10/8/2012,
5964, Direct Marketing-Catalog Me,Mail/Telephone/Preauth order,ALIBABA.COM,АЛИБАБА,,,,,10/8/2012,
5965, Direct Marketing-Combinatio,Mail/Telephone/Preauth order,,,,,,,10/8/2012,
5966, Direct Marketing-Outbound T,Mail/Telephone/Preauth order,,,,,,,10/8/2012,
5967, Direct Marketing-Inbound Te,Mail/Telephone/Preauth order,,,,,,,10/8/2012,
5968, Direct Marketing-Continuity,Mail/Telephone/Preauth order,WWW.PRONTO.RU,ПРОНТО,,,RUS,MOSCOW,10/8/2012,
5969, Direct Marketing-Other Dire,Mail/Telephone/Preauth order,AMAZON ,АМАЗОН,,,RUS,MOSCOW,10/8/2012,
5970, Artists Supply Stores,Retail Purchase,,,,,,,10/8/2012,
5971, Art Dealers & Galleries,Retail Purchase,,,,,,,10/8/2012,
5972, Stamp & Coin Stores,Retail Purchase,,,,,,,10/8/2012,
5973, Religious Goods Stores,Retail Purchase,,,,,,,10/8/2012,
5975," Hearing Aid Sales,service",Retail Purchase,,,,,,,10/8/2012,
5976, Orthopedic Goods - Artifici,Retail Purchase,,,,,,,10/8/2012,
5977, Cosmetic Stores,Retail Purchase,LETUAL,ЛЕТУАЛЬ,NOVOSLOBODSKAJA D.4,,RUS,MOSCOW,10/8/2012,
5977, Cosmetic Stores,Retail Purchase,LETUAL,ЛЕТУАЛЬ,"9-JA PARKOVAJA, 6",,RUS,MOSCOW,10/8/2012,
5977, Cosmetic Stores,Retail Purchase,PODRUZHKA,ПОДРУЖКА,,,RUS,MOSCOW,10/8/2012,
5977, Cosmetic Stores,Retail Purchase,RIV GOSH,РИВ ГОШ,5 VOENNAYA STR,,RUS,NOVOSIBIRSK,10/8/2012,
5977, Cosmetic Stores,Retail Purchase,LAURA,,,,RUS,PERVOURALSK,4/11/2013,ID терминала 162434
5978, Typewriter Stores - Sales,Retail Purchase,,,,,,,10/8/2012,
5983, Fuel Dealers - Fuel Oil,Retail Purchase,AZS 563,АЗС 563,"IZMAILOVSKOE SHOSSE, VL. ",,RUS,MOSCOW,10/8/2012,
5983, Fuel Dealers - Fuel Oil,Retail Purchase,AZS 83,АЗС 83,KM 83 KM TRASSY SKA,,RUS,PETERSBURG,10/8/2012,
5983, Fuel Dealers - Fuel Oil,Retail Purchase,EKA-AZS - 82,,UL.BURAKOVA,,RUS,MOSCOW,10/8/2012,
5983, Fuel Dealers - Fuel Oil,Retail Purchase,LUKOIL 204,ЛУКОЙЛ 204,38KM HW MOSKVA-DUBNA,,RUS,MO,10/8/2012,
5983, Fuel Dealers - Fuel Oil,Retail Purchase,LUKOIL 224,ЛУКОЙЛ 224,"SCHELKOVO, SOVETSKAYA ST.",,RUS,MO,10/8/2012,
5983, Fuel Dealers - Fuel Oil,Retail Purchase,LUKOIL 441,ЛУКОЙЛ 441,25 KM. A.D MOSCOW MINSK,,RUS,MO,10/8/2012,
5983, Fuel Dealers - Fuel Oil,Retail Purchase,PTK-SERVICE-208,,AVTODOROGA SPB-KI,,RUS,PSKOV,10/8/2012,
5991,,Retail Purchase,,,,,,,10/8/2012,
5992, Florists,Retail Purchase,,,,,,,10/8/2012,
5993, Cigar Stores And Stands,Retail Purchase,,,,,,,10/8/2012,
5994, News Dealers And Newsstands,Retail Purchase,,,,,,,10/8/2012,
5995, Pet Shops-pet Foods & Suppl,Retail Purchase,BETHOWEN,ЗООМАГАЗИН БЕТХОВЕН,,,RUS,MOSCOW,10/8/2012,
5996, Swimming Pools,Retail Purchase,,,,,,,10/8/2012,
5997, Electric Razor Stores,Retail Purchase,,,,,,,10/8/2012,
5998, Tent & Awning Shops,Retail Purchase,,,,,,,10/8/2012,
5999, Miscellaneous & specialty r,Retail Purchase,HANDYBANK ,ХЭНДИБАНК,,,RUS,MOSCOW,10/8/2012,
5999, Miscellaneous & specialty r,Retail Purchase,SPAR,СПАР,,,RUS,MOSCOW,10/8/2012,
5999, Miscellaneous & specialty r,Retail Purchase,OFFICEMAG MAGAZIN ,ОФИСМАГ,,,RUS,MOSCOW,10/8/2012,
6010, POS Cash,  Cash,,,,,,,10/8/2012,
6011, ATM,Financial Institutions,,,,,,,10/8/2012,
6012, Member Financial Institutio,Retail Purchase,RNKO-KYKYRYZA,КУКУРУЗА РНКО,,,RUS,MOSCOW,10/8/2012,
6022, Undefined From IPM MPE,Retail Purchase,,,,,,,10/8/2012,
6023, Undefined From IPM MPE,Retail Purchase,,,,,,,10/8/2012,
6025, Undefined From IPM MPE,Retail Purchase,,,,,,,10/8/2012,
6026, Undefined From IPM MPE,Retail Purchase,,,,,,,10/8/2012,
6028, Undefined From IPM MPE,Retail Purchase,,,,,,,10/8/2012,
6050, Quasi Cash - Member Financi,Unique,,,,,,,10/8/2012,
6051," Foreign Currency,Money,TC's",Unique,TCS BANK,ТКС БАНК,,,RUS,MOSCOW,10/8/2012,
6051," Foreign Currency,Money,TC's",Unique,PLATEZH.RU,ПЛАТЕЖ.РУ,,,RUS,MOSCOW,10/8/2012,
6051," Foreign Currency,Money,TC's",Unique,INTELLECTMONEY,ИНТЕЛЛЕКТМАНИ,LENINGRADSKIY PR-,,RUS,MOSCOW,10/8/2012,
6051," Foreign Currency,Money,TC's",Unique,TCS BANK,ТКС БАНК,1-Y VOLOKOLAMSKY PASS 1 ,,RUS,MOSCOW,10/8/2012,
6051," Foreign Currency,Money,TC's",Unique,WWW.W1.RU,,"10,448,PRESNENSKAYA NA",,RUS,MOSCOW,10/8/2012,
6211, Security Brokers/dealers In,Retail Purchase,,,,,,,10/8/2012,
6300, Insurrance Sales And Underw,Retail Purchase,ALFASTRAKHOVANIE,АЛЬФАСТРАХОВАНИЕ,,,RUS,MOSCOW,10/8/2012,
6300, Insurrance Sales And Underw,Retail Purchase,INGOSSTRAKH,ИНГОССТРАХ,"PYATNITSKAYA UL.,12",,RUS,MOSCOW,10/8/2012,
6300, Insurrance Sales And Underw,Retail Purchase,RESO-84,,CVETNOY B-R 30 1,,RUS,MOSCOW,10/8/2012,
6310,,Retail Purchase,,,,,,,10/8/2012,
6513, Real Estate Agents And Mana,Retail Purchase,,,,,,,10/8/2012,
6529, Remote Stored Value Load,Unique,,,,,,,10/8/2012,
6530, Remote Stored Value Load,Unique,,,,,,,10/8/2012,
6531, Payment Service Provider -,Retail Purchase,,,,,,,10/8/2012,
6532, Payment Transaction - Membe,Payment Services,,,,,,,10/8/2012,
6533, Payment Service Provider - ,Payment Services,,,,,,,10/8/2012,
6534, Money Transfer - Member Fin,Unique,,,,,,,10/8/2012,
6535, Value Purchase - Member Fin,Retail Purchase,,,,,,,10/8/2012,
6536, Moneysend-Intracountry,Retail Purchase,,,,,,,10/8/2012,
6537, Moneysend-Intracountry,Retail Purchase,,,,,,,10/8/2012,
6538,MoneySend,Retail Purchase,,,,,,,10/8/2012,
6539,,Unique,,,,,,,10/8/2012,
6540, POI Transaction [Excluding MoneySend],Retail Purchase,,,,,,,10/8/2012,
6541,,Retail Purchase,,,,,,,10/8/2012,
6542,,Retail Purchase,,,,,,,10/8/2012,
6543,,Retail Purchase,,,,,,,10/8/2012,
6555,,Payment Services,,,,,,,10/8/2012,
7010,,Retail Purchase,,,,,,,10/8/2012,
7011," Hotels,Motels,Resorts-Lodgi",Hotel/Motel,,,,,,,10/8/2012,
7012, Timeshares,Retail Purchase,,,,,,,10/8/2012,
7013,,Retail Purchase,,,,,,,10/8/2012,
7014,,Retail Purchase,,,,,,,10/8/2012,
7015,,Retail Purchase,,,,,,,10/8/2012,
7032, Sporting And Recreat. Camps,Retail Purchase,,,,,,,10/8/2012,
7033, Trailer Parks & Campgrounds,Retail Purchase,,,,,,,10/8/2012,
7210," Laundry,cleaning & Garment ",Retail Purchase,,,,,,,10/8/2012,
7211, Laundry Services-family & C,Retail Purchase,,,,,,,10/8/2012,
7216, Dry Cleaners,Retail Purchase,,,,,,,10/8/2012,
7217, Carpet And Upholstery Clean,Retail Purchase,,,,,,,10/8/2012,
7221," Photographic Studios, Portr",Retail Purchase,,,,,,,10/8/2012,
7230, Beauty Shops & Barber Shops,Retail Purchase,JUST MEN SALON,ДЖАСТ МЕН САЛОН,,,,,10/8/2012,
7231,,Retail Purchase,,,,,,,10/8/2012,
7232,,Retail Purchase,,,,,,,10/8/2012,
7251, Shoe Repair Shops,Retail Purchase,,,,,,,10/8/2012,
7261, Funeral Service & Crematori,Retail Purchase,,,,,,,10/8/2012,
7273, Dating & Escort Services,Retail Purchase,,,,,,,10/8/2012,
7276, Tax Preparation Service,Retail Purchase,,,,,,,10/8/2012,
7277, Counseling Service - Debt,Retail Purchase,,,,,,,10/8/2012,
7278, Buying/shopping Services,Retail Purchase,DARBERRY,,TVERSKAYA STR,,RUS,MOSCOW,10/8/2012,
7296, Clothing Rental - Costumes,Retail Purchase,,,,,,,10/8/2012,
7297, Massage Parlors,Retail Purchase,,,,,,,10/8/2012,
7298, Health & Beauty Spas,Retail Purchase,,,,,,,10/8/2012,
7299, Other Services (Not Elsewhe,Retail Purchase,QIWI KOSHELEK,КИВИ КОШЕЛЕК,,,RUS,MOSCOW,10/8/2012,
7299, Other Services (Not Elsewhe,Retail Purchase,DOSTAVKA.RU,ДОСТАВКА.РУ,,,RUS,MOSCOW,10/8/2012,
7311, Advertising Services,Retail Purchase,,,,,,,10/8/2012,
7321, Consumer Credit Reporting A,Retail Purchase,,,,,,,10/8/2012,
7333," Commercial Photography,art",Retail Purchase,,,,,,,10/8/2012,
7338, Quick-copy & Reproduction,Retail Purchase,,,,,,,10/8/2012,
7339, Stenographic & Secretarial ,Retail Purchase,,,,,,,10/8/2012,
7342, Disinfecting & Exterminatin,Retail Purchase,,,,,,,10/8/2012,
7349, Cleaning & Maintenance,Retail Purchase,,,,,,,10/8/2012,
7361, Employment Agencies,Retail Purchase,,,,,,,10/8/2012,
7372, Computer And Data Processin,Retail Purchase,,,,,,,10/8/2012,
7375, Info Retrieval Services,Retail Purchase,,,,,,,10/8/2012,
7379, Computer Main/Repair Servic,Retail Purchase,,,,,,,10/8/2012,
7392," Management, Consulting",Retail Purchase,,,,,,,10/8/2012,
7393, Detective Agencies,Retail Purchase,,,,,,,10/8/2012,
7394, Equipment Rental & Leasing,Retail Purchase,,,,,,,10/8/2012,
7395, Photofinishing Laboratories,Retail Purchase,MIR-FOTO NA KUTUZOVSKO,МИР ФОТО НА КУТУЗОВСКОМ,KUTUZOVSK,,RUS,MOSCOW,10/8/2012,
7399, Business Services,Retail Purchase,QIWI_WALLET INTERNATIONAL,КИВИ ВАЛЕТ ИНТЕРНЕШНЛ,,,RUS,MOSCOW,10/8/2012,
7511, Truck Stop Transactions,Unique,,,,,,,10/8/2012,
7512, Automobile Rental & Leasing,Vehicle Rental,,,,,,,10/8/2012,
7513, Truck & Utility Trailer Ren,Vehicle Rental,,,,,,,10/8/2012,
7519, Motor Home & Recreational V,Vehicle Rental,,,,,,,10/8/2012,
7523, Automobile Parking Lots,Retail Purchase,,,,,,,10/8/2012,
7531, Automotive Top & Body Shops,Retail Purchase,,,,,,,10/8/2012,
7534, Tire Retreading & Repair Sh,Retail Purchase,,,,,,,10/8/2012,
7535, Automotive Paint Shops,Retail Purchase,,,,,,,10/8/2012,
7538, Automotive Service Shops,Retail Purchase,,,,,,,10/8/2012,
7539,,Retail Purchase,,,,,,,10/8/2012,
7542, Car Washes,Retail Purchase,,,,,,,10/8/2012,
7549, Towing Services,Retail Purchase,,,,,,,10/8/2012,
7622, Electronic Repair Shops,Retail Purchase,,,,,,,10/8/2012,
7623, Air Conditioning & Refriger,Retail Purchase,,,,,,,10/8/2012,
7629, Electrical & Small Appl.rep,Retail Purchase,,,,,,,10/8/2012,
7631," Watch, Clock & Jewelry Repa",Retail Purchase,,,,,,,10/8/2012,
7641, Reupholstery & Furnit. Repa,Retail Purchase,,,,,,,10/8/2012,
7692, Welding Repair,Retail Purchase,,,,,,,10/8/2012,
7699, Miscellaneous Repair Shops,Retail Purchase,,,,,,,10/8/2012,
7829, Motion Picture/Video Prd/Di,Retail Purchase,,,,,,,10/8/2012,
7832, Motion Picture Theaters,Retail Purchase,KARO FILM ,КАРО ФИЛЬМ,,,RUS,MOSCOW,10/8/2012,
7841, DVD/VIDEO TAPE RENTAL STORE,Retail Purchase,,,,,,,10/8/2012,
7911," Dance Halls, Studios",Retail Purchase,,,,,,,10/8/2012,
7922, Theatrical Producers,Retail Purchase,BILETNYE KASSY,БИЛЕТНЫЕ КАССЫ,,,RUS,MOSCOW,10/8/2012,
7929," Bands, Orchestras And Misce",Retail Purchase,,,,,,,10/8/2012,
7932, Billiard And Pool Establish,Retail Purchase,,,,,,,10/8/2012,
7933, Bowling Alleys,Retail Purchase,,,,,,,10/8/2012,
7941, Commercial Sports,Retail Purchase,GYMNASTIKA SPA SALON,ГИМНАСТИКА СПА САЛОН,,,RUS,MOSCOW,10/8/2012,
7987,,Retail Purchase,,,,,,,10/8/2012,
7988,,Retail Purchase,,,,,,,10/8/2012,
7989,,Retail Purchase,,,,,,,10/8/2012,
7990,,Retail Purchase,,,,,,,10/8/2012,
7991, Tourist Attr. And Exhibitio,Retail Purchase,,,,,,,10/8/2012,
7992, Golf Courses - Public Video,Retail Purchase,,,,,,,10/8/2012,
7993, Video Amusement Game Suppli,Retail Purchase,,,,,,,10/8/2012,
7994, Video Games Arcades/establi,Retail Purchase,BLIZZARD WOW,БЛИЗЗАРД ВОВ,,,RUS,MOSCOW,10/8/2012,
7995, Casino,Unique,,,,,,,10/8/2012,
7996," Amusement Parks,circuses",Retail Purchase,,,,,,,10/8/2012,
7997, Membership Clubs,Retail Purchase,,,,,,,10/8/2012,
7998," Aquariums,seaquariums",Retail Purchase,,,,,,,10/8/2012,
7999, Recreation Services (Not El,Retail Purchase,,,,,,,10/8/2012,
8011, Doctors (Not Elsewhere Clas,Retail Purchase,,,,,,,10/8/2012,
8021," Dentists,orthodontists",Retail Purchase,,,,,,,10/8/2012,
8031, Osteopathic Physicians,Retail Purchase,,,,,,,10/8/2012,
8041, Chiropractors,Retail Purchase,,,,,,,10/8/2012,
8042," Optometrists,opthamalogists",Retail Purchase,,,,,,,10/8/2012,
8043," Opticians, Optical Goods, E",Retail Purchase,,,,,,,10/8/2012,
8044, ---------------------------,Retail Purchase,,,,,,,10/8/2012,
8049," Chiropodists,podiatrists",Retail Purchase,,,,,,,10/8/2012,
8050, Nursing And Personal Care F,Retail Purchase,,,,,,,10/8/2012,
8062, Hospitals,Retail Purchase,,,,,,,10/8/2012,
8071, Medical & Dental Laboratori,Retail Purchase,,,,,,,10/8/2012,
8099, Medical Services,Retail Purchase,CLINIC IMUN.I REP.,,MALAYA ORD,,RUS,MOSCOW,10/8/2012,
8111," Legal Services,attorneys",Retail Purchase,,,,,,,10/8/2012,
8211, Elementary & Secondary Scho,Retail Purchase,,,,,,,10/8/2012,
8220," Colleges,Universities",Retail Purchase,,,,,,,10/8/2012,
8241, Correspondence Schools,Retail Purchase,,,,,,,10/8/2012,
8244, Business & Secretarial Scho,Retail Purchase,,,,,,,10/8/2012,
8249, Vocational & Trade Schools,Retail Purchase,,,,,,,10/8/2012,
8299, Schools & Educational Servi,Retail Purchase,FOTOSHKOLA.NET,,BERSENEVSKAYA EMB,,RUS,MOSCOW,10/8/2012,
8351, Child Day Care Services,Retail Purchase,,,,,,,10/8/2012,
8398, Charitable Contributions,Retail Purchase,,,,,,,10/8/2012,
8411,,Retail Purchase,,,,,,,10/8/2012,
8412,,Retail Purchase,,,,,,,10/8/2012,
8641," Civic,social & Fraternal As",Retail Purchase,,,,,,,10/8/2012,
8651, Political Organizations,Retail Purchase,,,,,,,10/8/2012,
8661, Religious Organizations,Retail Purchase,,,,,,,10/8/2012,
8675, Automobile Associations,Retail Purchase,,,,,,,10/8/2012,
8699, Membership Organizations,Retail Purchase,,,,,,,10/8/2012,
8734, Testing Labs Non-medical,Retail Purchase,,,,,,,10/8/2012,
8911," Engineering,architectural",Retail Purchase,,,,,,,10/8/2012,
8931," Accounting,auditing Service",Retail Purchase,,,,,,,10/8/2012,
8999," Services,not Elsewhere Clas",Retail Purchase,DENGI.MAIL.RU,ДЕНЬГИ МЭЙЛ РУ,LENINGRADSKIY AVE.,,RUS,MOSCOW,10/8/2012,
8999," Services,not Elsewhere Clas",Retail Purchase,BIGLION,БИГЛИОН,DOROZHNAYA STR,,RUS,MOSCOW,10/8/2012,
8999," Services,not Elsewhere Clas",Retail Purchase,PAYPAL,ПЭЙПАЛ,,,,,10/8/2012,
8999," Services,not Elsewhere Clas",Retail Purchase,PAYPAL *RAOSHAOPING,ПЭЙПАЛ,,,,,10/8/2012,
8999," Services,not Elsewhere Clas",Retail Purchase,SHIPITO,ШИПИТО,,,,,10/8/2012,
8999," Services,not Elsewhere Clas",Retail Purchase,WWW.VIGODA.RU,ВЫГОДА.РУ,,,RUS,MOSCOW,10/8/2012,
8999," Services,not Elsewhere Clas",Retail Purchase,ROSTELEKOM ,РОСТЕЛЕКОМ ,,,RUS,MOSCOW,10/8/2012,
8999," Services,not Elsewhere Clas",Retail Purchase,BIGBUZZY.RU,,DERBENEVSKAYA EMB.,,RUS,MOSCOW,10/8/2012,
8999," Services,not Elsewhere Clas",Retail Purchase,WWW.GROUPON.RU,,A.SOLZHENITSYNA S,,RUS,MOSCOW,10/8/2012,
8999," Services,not Elsewhere Clas",Retail Purchase,Agip,АГИП ЗАПРАВКА,,,RUS,MOSCOW,10/8/2012,по топливным акциям бонуса не дают
9211, Court Costs,Retail Purchase,,,,,,,10/8/2012,
9222, Fines,Retail Purchase,,,,,,,10/8/2012,
9223, Bail & Bond Payments,Retail Purchase,,,,,,,10/8/2012,
9311, TAX PAYMENTS,Retail Purchase,,,,,,,10/8/2012,
9399, Government Services,Retail Purchase,,,,,,,10/8/2012,
9401, I-Purchasing Pilot,Retail Purchase,,,,,,,10/8/2012,
9402, Postal Services-Government ,Retail Purchase,,,,,,,10/8/2012,
9405, Intra Government Purchases,Retail Purchase,,,,,,,10/8/2012,
9702, GCAS Emergency Services,Retail Purchase,,,,,,,10/8/2012,
9751, UK Supermarkets Elec Hot Fi,Retail Purchase,,,,,,,10/8/2012,
9752, UK Petrol Stns. Elec Hot Fi,Retail Purchase,,,,,,,10/8/2012,
9753, Germany Disaster Relief Don,Retail Purchase,,,,,,,10/8/2012,
9754,,Unique,,,,,,,10/8/2012,
9950, Intra Company Purchases,Retail Purchase,,,,,,,10/8/2012,
